MPPS,LATENCY,FREQ,SLEEP_MODE,CPU,SLEEP_DELTA
1,10,800,no_sleep,8,1
1,11,3200,no_sleep,3,1
1,12,3200,no_sleep,1,1
1,13,1600,no_sleep,1,1
1,14,1600,no_sleep,1,1
1,15,1600,no_sleep,1,1
1,16,1600,no_sleep,1,1
1,17,800,no_sleep,1,1
1,18,800,no_sleep,1,1
1,19,800,no_sleep,1,1
1,20,800,no_sleep,1,1
1,21,800,no_sleep,1,1
1,22,800,no_sleep,1,1
1,23,800,no_sleep,1,1
1,24,800,no_sleep,1,1
1,25,800,no_sleep,1,1
1,26,800,no_sleep,1,1
1,27,800,no_sleep,1,1
1,28,800,no_sleep,1,1
1,29,800,no_sleep,1,1
1,30,800,no_sleep,1,1
1,31,800,no_sleep,1,1
1,32,800,no_sleep,1,1
1,33,800,no_sleep,1,1
1,34,800,no_sleep,1,1
1,35,800,no_sleep,1,1
1,36,800,no_sleep,1,1
1,37,800,no_sleep,1,1
1,38,800,no_sleep,1,1
1,39,800,no_sleep,1,1
1,40,800,no_sleep,1,1
1,41,800,no_sleep,1,1
1,42,800,no_sleep,1,1
1,43,800,no_sleep,1,1
1,44,800,no_sleep,1,1
1,45,800,no_sleep,1,1
1,46,800,no_sleep,1,1
1,47,800,no_sleep,1,1
1,48,800,no_sleep,1,1
1,49,800,no_sleep,1,1
1,50,800,no_sleep,1,1
1,51,800,no_sleep,1,1
1,52,800,no_sleep,1,1
1,53,800,no_sleep,1,1
1,54,800,no_sleep,1,1
1,55,800,no_sleep,1,1
1,56,800,no_sleep,1,1
1,57,800,no_sleep,1,1
1,58,800,no_sleep,1,1
1,59,800,no_sleep,1,1
1,60,800,no_sleep,1,1
1,61,800,no_sleep,1,1
1,62,800,no_sleep,1,1
1,63,800,no_sleep,1,1
1,64,800,no_sleep,1,1
1,65,800,no_sleep,1,1
1,66,800,no_sleep,1,1
1,67,800,no_sleep,1,1
1,68,800,no_sleep,1,1
1,69,800,no_sleep,1,1
1,70,800,no_sleep,1,1
1,71,800,no_sleep,1,1
1,72,800,no_sleep,1,1
1,73,800,no_sleep,1,1
1,74,800,no_sleep,1,1
1,75,800,no_sleep,1,1
1,76,800,no_sleep,1,1
1,77,800,no_sleep,1,1
1,78,800,no_sleep,1,1
1,79,800,no_sleep,1,1
1,80,800,no_sleep,1,1
1,81,800,no_sleep,1,1
1,82,800,no_sleep,1,1
1,83,800,no_sleep,1,1
1,84,800,no_sleep,1,1
1,85,800,no_sleep,1,1
1,86,800,no_sleep,1,1
1,87,800,no_sleep,1,1
1,88,800,no_sleep,1,1
1,89,800,no_sleep,1,1
1,90,800,no_sleep,1,1
1,91,800,no_sleep,1,1
1,92,800,no_sleep,1,1
1,93,800,no_sleep,1,1
1,94,800,no_sleep,1,1
1,95,800,no_sleep,1,1
1,96,800,no_sleep,1,1
1,97,800,no_sleep,1,1
1,98,800,no_sleep,1,1
1,99,800,no_sleep,1,1
2,10,4000,no_sleep,3,1
2,11,4000,no_sleep,4,1
2,12,3200,no_sleep,4,1
2,13,4000,no_sleep,2,1
2,14,800,no_sleep,2,1
2,15,4000,no_sleep,1,1
2,16,2400,no_sleep,1,1
2,17,800,no_sleep,1,1
2,18,800,no_sleep,1,1
2,19,800,no_sleep,1,1
2,20,800,no_sleep,1,1
2,21,800,no_sleep,1,1
2,22,800,no_sleep,1,1
2,23,800,no_sleep,1,1
2,24,800,no_sleep,1,1
2,25,800,no_sleep,1,1
2,26,800,no_sleep,1,1
2,27,800,no_sleep,1,1
2,28,800,no_sleep,1,1
2,29,800,no_sleep,1,1
2,30,800,no_sleep,1,1
2,31,800,no_sleep,1,1
2,32,800,no_sleep,1,1
2,33,800,no_sleep,1,1
2,34,800,no_sleep,1,1
2,35,800,no_sleep,1,1
2,36,800,no_sleep,1,1
2,37,800,no_sleep,1,1
2,38,800,no_sleep,1,1
2,39,800,no_sleep,1,1
2,40,800,no_sleep,1,1
2,41,800,no_sleep,1,1
2,42,800,no_sleep,1,1
2,43,800,no_sleep,1,1
2,44,800,no_sleep,1,1
2,45,800,no_sleep,1,1
2,46,800,no_sleep,1,1
2,47,800,no_sleep,1,1
2,48,800,no_sleep,1,1
2,49,800,no_sleep,1,1
2,50,800,no_sleep,1,1
2,51,800,no_sleep,1,1
2,52,800,no_sleep,1,1
2,53,800,no_sleep,1,1
2,54,800,no_sleep,1,1
2,55,800,no_sleep,1,1
2,56,800,no_sleep,1,1
2,57,800,no_sleep,1,1
2,58,800,no_sleep,1,1
2,59,800,no_sleep,1,1
2,60,800,no_sleep,1,1
2,61,800,no_sleep,1,1
2,62,800,no_sleep,1,1
2,63,800,no_sleep,1,1
2,64,800,no_sleep,1,1
2,65,800,no_sleep,1,1
2,66,800,no_sleep,1,1
2,67,800,no_sleep,1,1
2,68,800,no_sleep,1,1
2,69,800,no_sleep,1,1
2,70,800,no_sleep,1,1
2,71,800,no_sleep,1,1
2,72,800,no_sleep,1,1
2,73,800,no_sleep,1,1
2,74,800,no_sleep,1,1
2,75,800,no_sleep,1,1
2,76,800,no_sleep,1,1
2,77,800,no_sleep,1,1
2,78,800,no_sleep,1,1
2,79,800,no_sleep,1,1
2,80,800,no_sleep,1,1
2,81,800,no_sleep,1,1
2,82,800,no_sleep,1,1
2,83,800,no_sleep,1,1
2,84,800,no_sleep,1,1
2,85,800,no_sleep,1,1
2,86,800,no_sleep,1,1
2,87,800,no_sleep,1,1
2,88,800,no_sleep,1,1
2,89,800,no_sleep,1,1
2,90,800,no_sleep,1,1
2,91,800,no_sleep,1,1
2,92,800,no_sleep,1,1
2,93,800,no_sleep,1,1
2,94,800,no_sleep,1,1
2,95,800,no_sleep,1,1
2,96,800,no_sleep,1,1
2,97,800,no_sleep,1,1
2,98,800,no_sleep,1,1
2,99,800,no_sleep,1,1
3,10,4000,no_sleep,3,1
3,11,2400,no_sleep,8,1
3,12,3200,no_sleep,4,1
3,13,4000,no_sleep,4,1
3,14,3200,no_sleep,3,1
3,15,3200,no_sleep,2,1
3,16,800,no_sleep,2,1
3,17,800,no_sleep,2,1
3,18,3200,no_sleep,1,1
3,19,3200,no_sleep,1,1
3,20,800,no_sleep,1,1
3,21,800,no_sleep,1,1
3,22,800,no_sleep,1,1
3,23,800,no_sleep,1,1
3,24,800,no_sleep,1,1
3,25,800,no_sleep,1,1
3,26,800,no_sleep,1,1
3,27,800,no_sleep,1,1
3,28,800,no_sleep,1,1
3,29,800,no_sleep,1,1
3,30,800,no_sleep,1,1
3,31,800,no_sleep,1,1
3,32,800,no_sleep,1,1
3,33,800,no_sleep,1,1
3,34,800,no_sleep,1,1
3,35,800,no_sleep,1,1
3,36,800,no_sleep,1,1
3,37,800,no_sleep,1,1
3,38,800,no_sleep,1,1
3,39,800,no_sleep,1,1
3,40,800,no_sleep,1,1
3,41,800,no_sleep,1,1
3,42,800,no_sleep,1,1
3,43,800,no_sleep,1,1
3,44,800,no_sleep,1,1
3,45,800,no_sleep,1,1
3,46,800,no_sleep,1,1
3,47,800,no_sleep,1,1
3,48,800,no_sleep,1,1
3,49,800,no_sleep,1,1
3,50,800,no_sleep,1,1
3,51,800,no_sleep,1,1
3,52,800,no_sleep,1,1
3,53,800,no_sleep,1,1
3,54,800,no_sleep,1,1
3,55,800,no_sleep,1,1
3,56,800,no_sleep,1,1
3,57,800,no_sleep,1,1
3,58,800,no_sleep,1,1
3,59,800,no_sleep,1,1
3,60,800,no_sleep,1,1
3,61,800,no_sleep,1,1
3,62,800,no_sleep,1,1
3,63,800,no_sleep,1,1
3,64,800,no_sleep,1,1
3,65,800,no_sleep,1,1
3,66,800,no_sleep,1,1
3,67,800,no_sleep,1,1
3,68,800,no_sleep,1,1
3,69,800,no_sleep,1,1
3,70,800,no_sleep,1,1
3,71,800,no_sleep,1,1
3,72,800,no_sleep,1,1
3,73,800,no_sleep,1,1
3,74,800,no_sleep,1,1
3,75,800,no_sleep,1,1
3,76,800,no_sleep,1,1
3,77,800,no_sleep,1,1
3,78,800,no_sleep,1,1
3,79,800,no_sleep,1,1
3,80,800,no_sleep,1,1
3,81,800,no_sleep,1,1
3,82,800,no_sleep,1,1
3,83,800,no_sleep,1,1
3,84,800,no_sleep,1,1
3,85,800,no_sleep,1,1
3,86,800,no_sleep,1,1
3,87,800,no_sleep,1,1
3,88,800,no_sleep,1,1
3,89,800,no_sleep,1,1
3,90,800,no_sleep,1,1
3,91,800,no_sleep,1,1
3,92,800,no_sleep,1,1
3,93,800,no_sleep,1,1
3,94,800,no_sleep,1,1
3,95,800,no_sleep,1,1
3,96,800,no_sleep,1,1
3,97,800,no_sleep,1,1
3,98,800,no_sleep,1,1
3,99,800,no_sleep,1,1
4,10,4000,no_sleep,3,1
4,11,4000,no_sleep,10,1
4,12,3200,no_sleep,5,1
4,13,4000,no_sleep,4,1
4,14,4000,no_sleep,4,1
4,15,4000,no_sleep,4,1
4,16,4000,no_sleep,3,1
4,17,4000,no_sleep,2,1
4,18,2400,no_sleep,2,1
4,19,800,no_sleep,2,1
4,20,4000,no_sleep,2,1
4,21,4000,no_sleep,2,1
4,22,4000,no_sleep,2,1
4,23,4000,no_sleep,2,1
4,24,4000,no_sleep,2,1
4,25,4000,no_sleep,2,1
4,26,4000,no_sleep,2,1
4,27,4000,no_sleep,2,1
4,28,4000,no_sleep,2,1
4,29,4000,no_sleep,2,1
4,30,4000,no_sleep,2,1
4,31,4000,no_sleep,2,1
4,32,4000,no_sleep,2,1
4,33,4000,no_sleep,2,1
4,34,4000,no_sleep,2,1
4,35,4000,no_sleep,2,1
4,36,4000,no_sleep,2,1
4,37,4000,no_sleep,2,1
4,38,4000,no_sleep,2,1
4,39,4000,no_sleep,2,1
4,40,4000,no_sleep,2,1
4,41,4000,no_sleep,2,1
4,42,4000,no_sleep,2,1
4,43,4000,no_sleep,2,1
4,44,4000,no_sleep,2,1
4,45,4000,no_sleep,2,1
4,46,4000,no_sleep,2,1
4,47,4000,no_sleep,2,1
4,48,4000,no_sleep,2,1
4,49,4000,no_sleep,2,1
4,50,4000,no_sleep,2,1
4,51,4000,no_sleep,2,1
4,52,4000,no_sleep,2,1
4,53,4000,no_sleep,2,1
4,54,4000,no_sleep,2,1
4,55,4000,no_sleep,2,1
4,56,4000,no_sleep,2,1
4,57,4000,no_sleep,2,1
4,58,4000,no_sleep,2,1
4,59,4000,no_sleep,2,1
4,60,4000,no_sleep,2,1
4,61,4000,no_sleep,2,1
4,62,4000,no_sleep,2,1
4,63,4000,no_sleep,2,1
4,64,4000,no_sleep,2,1
4,65,4000,no_sleep,2,1
4,66,4000,no_sleep,2,1
4,67,4000,no_sleep,2,1
4,68,4000,no_sleep,2,1
4,69,4000,no_sleep,2,1
4,70,4000,no_sleep,2,1
4,71,4000,no_sleep,2,1
4,72,4000,no_sleep,2,1
4,73,4000,no_sleep,2,1
4,74,4000,no_sleep,2,1
4,75,4000,no_sleep,2,1
4,76,4000,no_sleep,2,1
4,77,4000,no_sleep,2,1
4,78,4000,no_sleep,2,1
4,79,4000,no_sleep,2,1
4,80,4000,no_sleep,2,1
4,81,4000,no_sleep,2,1
4,82,4000,no_sleep,2,1
4,83,4000,no_sleep,2,1
4,84,4000,no_sleep,2,1
4,85,4000,no_sleep,2,1
4,86,4000,no_sleep,2,1
4,87,4000,no_sleep,2,1
4,88,4000,no_sleep,2,1
4,89,4000,no_sleep,2,1
4,90,4000,no_sleep,2,1
4,91,4000,no_sleep,2,1
4,92,4000,no_sleep,2,1
4,93,4000,no_sleep,2,1
4,94,4000,no_sleep,2,1
4,95,4000,no_sleep,2,1
4,96,4000,no_sleep,2,1
4,97,4000,no_sleep,2,1
4,98,4000,no_sleep,2,1
4,99,4000,no_sleep,2,1
5,10,4000,no_sleep,3,1
5,11,4000,no_sleep,3,1
5,12,4000,no_sleep,8,1
5,13,4000,no_sleep,5,1
5,14,4000,no_sleep,4,1
5,15,4000,no_sleep,4,1
5,16,4000,no_sleep,4,1
5,17,1600,no_sleep,4,1
5,18,3200,no_sleep,3,1
5,19,3200,no_sleep,2,1
5,20,4000,no_sleep,2,1
5,21,4000,no_sleep,2,1
5,22,4000,no_sleep,2,1
5,23,4000,no_sleep,2,1
5,24,4000,no_sleep,2,1
5,25,4000,no_sleep,2,1
5,26,4000,no_sleep,2,1
5,27,4000,no_sleep,2,1
5,28,4000,no_sleep,2,1
5,29,4000,no_sleep,2,1
5,30,4000,no_sleep,2,1
5,31,4000,no_sleep,2,1
5,32,4000,no_sleep,2,1
5,33,4000,no_sleep,2,1
5,34,4000,no_sleep,2,1
5,35,4000,no_sleep,2,1
5,36,4000,no_sleep,2,1
5,37,4000,no_sleep,2,1
5,38,4000,no_sleep,2,1
5,39,4000,no_sleep,2,1
5,40,4000,no_sleep,2,1
5,41,4000,no_sleep,2,1
5,42,4000,no_sleep,2,1
5,43,4000,no_sleep,2,1
5,44,4000,no_sleep,2,1
5,45,4000,no_sleep,2,1
5,46,4000,no_sleep,2,1
5,47,4000,no_sleep,2,1
5,48,4000,no_sleep,2,1
5,49,4000,no_sleep,2,1
5,50,4000,no_sleep,2,1
5,51,4000,no_sleep,2,1
5,52,4000,no_sleep,2,1
5,53,4000,no_sleep,2,1
5,54,4000,no_sleep,2,1
5,55,4000,no_sleep,2,1
5,56,4000,no_sleep,2,1
5,57,4000,no_sleep,2,1
5,58,4000,no_sleep,2,1
5,59,4000,no_sleep,2,1
5,60,4000,no_sleep,2,1
5,61,4000,no_sleep,2,1
5,62,4000,no_sleep,2,1
5,63,4000,no_sleep,2,1
5,64,4000,no_sleep,2,1
5,65,4000,no_sleep,2,1
5,66,4000,no_sleep,2,1
5,67,4000,no_sleep,2,1
5,68,4000,no_sleep,2,1
5,69,4000,no_sleep,2,1
5,70,4000,no_sleep,2,1
5,71,4000,no_sleep,2,1
5,72,4000,no_sleep,2,1
5,73,4000,no_sleep,2,1
5,74,4000,no_sleep,2,1
5,75,4000,no_sleep,2,1
5,76,4000,no_sleep,2,1
5,77,4000,no_sleep,2,1
5,78,4000,no_sleep,2,1
5,79,4000,no_sleep,2,1
5,80,4000,no_sleep,2,1
5,81,4000,no_sleep,2,1
5,82,4000,no_sleep,2,1
5,83,4000,no_sleep,2,1
5,84,4000,no_sleep,2,1
5,85,4000,no_sleep,2,1
5,86,4000,no_sleep,2,1
5,87,4000,no_sleep,2,1
5,88,4000,no_sleep,2,1
5,89,4000,no_sleep,2,1
5,90,4000,no_sleep,2,1
5,91,4000,no_sleep,2,1
5,92,4000,no_sleep,2,1
5,93,4000,no_sleep,2,1
5,94,4000,no_sleep,2,1
5,95,4000,no_sleep,2,1
5,96,4000,no_sleep,2,1
5,97,4000,no_sleep,2,1
5,98,4000,no_sleep,2,1
5,99,4000,no_sleep,2,1
6,10,4000,no_sleep,3,1
6,11,4000,no_sleep,3,1
6,12,3200,no_sleep,9,1
6,13,3200,no_sleep,6,1
6,14,3200,no_sleep,5,1
6,15,4000,no_sleep,4,1
6,16,4000,no_sleep,4,1
6,17,4000,no_sleep,4,1
6,18,4000,no_sleep,4,1
6,19,4000,no_sleep,4,1
6,20,4000,no_sleep,2,1
6,21,4000,no_sleep,2,1
6,22,4000,no_sleep,2,1
6,23,4000,no_sleep,2,1
6,24,4000,no_sleep,2,1
6,25,4000,no_sleep,2,1
6,26,4000,no_sleep,2,1
6,27,4000,no_sleep,2,1
6,28,4000,no_sleep,2,1
6,29,4000,no_sleep,2,1
6,30,4000,no_sleep,2,1
6,31,4000,no_sleep,2,1
6,32,4000,no_sleep,2,1
6,33,4000,no_sleep,2,1
6,34,4000,no_sleep,2,1
6,35,4000,no_sleep,2,1
6,36,4000,no_sleep,2,1
6,37,4000,no_sleep,2,1
6,38,4000,no_sleep,2,1
6,39,4000,no_sleep,2,1
6,40,4000,no_sleep,2,1
6,41,4000,no_sleep,2,1
6,42,4000,no_sleep,2,1
6,43,4000,no_sleep,2,1
6,44,4000,no_sleep,2,1
6,45,4000,no_sleep,2,1
6,46,4000,no_sleep,2,1
6,47,4000,no_sleep,2,1
6,48,4000,no_sleep,2,1
6,49,4000,no_sleep,2,1
6,50,4000,no_sleep,2,1
6,51,4000,no_sleep,2,1
6,52,4000,no_sleep,2,1
6,53,4000,no_sleep,2,1
6,54,4000,no_sleep,2,1
6,55,4000,no_sleep,2,1
6,56,4000,no_sleep,2,1
6,57,4000,no_sleep,2,1
6,58,4000,no_sleep,2,1
6,59,4000,no_sleep,2,1
6,60,4000,no_sleep,2,1
6,61,4000,no_sleep,2,1
6,62,4000,no_sleep,2,1
6,63,4000,no_sleep,2,1
6,64,4000,no_sleep,2,1
6,65,4000,no_sleep,2,1
6,66,4000,no_sleep,2,1
6,67,4000,no_sleep,2,1
6,68,4000,no_sleep,2,1
6,69,4000,no_sleep,2,1
6,70,4000,no_sleep,2,1
6,71,4000,no_sleep,2,1
6,72,4000,no_sleep,2,1
6,73,4000,no_sleep,2,1
6,74,4000,no_sleep,2,1
6,75,4000,no_sleep,2,1
6,76,4000,no_sleep,2,1
6,77,4000,no_sleep,2,1
6,78,4000,no_sleep,2,1
6,79,4000,no_sleep,2,1
6,80,4000,no_sleep,2,1
6,81,4000,no_sleep,2,1
6,82,4000,no_sleep,2,1
6,83,4000,no_sleep,2,1
6,84,4000,no_sleep,2,1
6,85,4000,no_sleep,2,1
6,86,4000,no_sleep,2,1
6,87,4000,no_sleep,2,1
6,88,4000,no_sleep,2,1
6,89,4000,no_sleep,2,1
6,90,4000,no_sleep,2,1
6,91,4000,no_sleep,2,1
6,92,4000,no_sleep,2,1
6,93,4000,no_sleep,2,1
6,94,4000,no_sleep,2,1
6,95,4000,no_sleep,2,1
6,96,4000,no_sleep,2,1
6,97,4000,no_sleep,2,1
6,98,4000,no_sleep,2,1
6,99,4000,no_sleep,2,1
7,10,4000,no_sleep,3,1
7,11,4000,no_sleep,3,1
7,12,4000,no_sleep,3,1
7,13,3200,no_sleep,8,1
7,14,4000,no_sleep,6,1
7,15,3200,no_sleep,5,1
7,16,4000,no_sleep,4,1
7,17,4000,no_sleep,4,1
7,18,4000,no_sleep,4,1
7,19,4000,no_sleep,4,1
7,20,4000,no_sleep,4,1
7,21,4000,no_sleep,3,1
7,22,800,no_sleep,3,1
7,23,4000,no_sleep,2,1
7,24,4000,no_sleep,2,1
7,25,4000,no_sleep,2,1
7,26,4000,no_sleep,2,1
7,27,4000,no_sleep,2,1
7,28,4000,no_sleep,2,1
7,29,4000,no_sleep,2,1
7,30,4000,no_sleep,2,1
7,31,4000,no_sleep,2,1
7,32,4000,no_sleep,2,1
7,33,4000,no_sleep,2,1
7,34,4000,no_sleep,2,1
7,35,4000,no_sleep,2,1
7,36,4000,no_sleep,2,1
7,37,4000,no_sleep,2,1
7,38,4000,no_sleep,2,1
7,39,4000,no_sleep,2,1
7,40,4000,no_sleep,2,1
7,41,4000,no_sleep,2,1
7,42,4000,no_sleep,2,1
7,43,4000,no_sleep,2,1
7,44,4000,no_sleep,2,1
7,45,4000,no_sleep,2,1
7,46,4000,no_sleep,2,1
7,47,4000,no_sleep,2,1
7,48,4000,no_sleep,2,1
7,49,4000,no_sleep,2,1
7,50,4000,no_sleep,2,1
7,51,4000,no_sleep,2,1
7,52,4000,no_sleep,2,1
7,53,4000,no_sleep,2,1
7,54,4000,no_sleep,2,1
7,55,4000,no_sleep,2,1
7,56,4000,no_sleep,2,1
7,57,4000,no_sleep,2,1
7,58,4000,no_sleep,2,1
7,59,4000,no_sleep,2,1
7,60,4000,no_sleep,2,1
7,61,4000,no_sleep,2,1
7,62,4000,no_sleep,2,1
7,63,4000,no_sleep,2,1
7,64,4000,no_sleep,2,1
7,65,4000,no_sleep,2,1
7,66,4000,no_sleep,2,1
7,67,4000,no_sleep,2,1
7,68,4000,no_sleep,2,1
7,69,4000,no_sleep,2,1
7,70,4000,no_sleep,2,1
7,71,4000,no_sleep,2,1
7,72,4000,no_sleep,2,1
7,73,4000,no_sleep,2,1
7,74,4000,no_sleep,2,1
7,75,4000,no_sleep,2,1
7,76,4000,no_sleep,2,1
7,77,4000,no_sleep,2,1
7,78,4000,no_sleep,2,1
7,79,4000,no_sleep,2,1
7,80,4000,no_sleep,2,1
7,81,4000,no_sleep,2,1
7,82,4000,no_sleep,2,1
7,83,4000,no_sleep,2,1
7,84,4000,no_sleep,2,1
7,85,4000,no_sleep,2,1
7,86,4000,no_sleep,2,1
7,87,4000,no_sleep,2,1
7,88,4000,no_sleep,2,1
7,89,4000,no_sleep,2,1
7,90,4000,no_sleep,2,1
7,91,4000,no_sleep,2,1
7,92,4000,no_sleep,2,1
7,93,4000,no_sleep,2,1
7,94,4000,no_sleep,2,1
7,95,4000,no_sleep,2,1
7,96,4000,no_sleep,2,1
7,97,4000,no_sleep,2,1
7,98,4000,no_sleep,2,1
7,99,4000,no_sleep,2,1
8,10,4000,no_sleep,3,1
8,11,4000,no_sleep,3,1
8,12,4000,no_sleep,3,1
8,13,4000,no_sleep,3,1
8,14,4000,no_sleep,8,1
8,15,4000,no_sleep,6,1
8,16,3200,no_sleep,5,1
8,17,3200,no_sleep,5,1
8,18,4000,no_sleep,4,1
8,19,4000,no_sleep,4,1
8,20,4000,no_sleep,4,1
8,21,4000,no_sleep,4,1
8,22,4000,no_sleep,4,1
8,23,3200,no_sleep,3,1
8,24,3200,no_sleep,3,1
8,25,2400,no_sleep,3,1
8,26,2400,no_sleep,3,1
8,27,2400,no_sleep,3,1
8,28,2400,no_sleep,3,1
8,29,2400,no_sleep,3,1
8,30,2400,no_sleep,3,1
8,31,2400,no_sleep,3,1
8,32,2400,no_sleep,3,1
8,33,2400,no_sleep,3,1
8,34,2400,no_sleep,3,1
8,35,2400,no_sleep,3,1
8,36,2400,no_sleep,3,1
8,37,2400,no_sleep,3,1
8,38,2400,no_sleep,3,1
8,39,2400,no_sleep,3,1
8,40,2400,no_sleep,3,1
8,41,2400,no_sleep,3,1
8,42,2400,no_sleep,3,1
8,43,2400,no_sleep,3,1
8,44,2400,no_sleep,3,1
8,45,2400,no_sleep,3,1
8,46,2400,no_sleep,3,1
8,47,2400,no_sleep,3,1
8,48,2400,no_sleep,3,1
8,49,2400,no_sleep,3,1
8,50,2400,no_sleep,3,1
8,51,2400,no_sleep,3,1
8,52,2400,no_sleep,3,1
8,53,2400,no_sleep,3,1
8,54,2400,no_sleep,3,1
8,55,2400,no_sleep,3,1
8,56,2400,no_sleep,3,1
8,57,2400,no_sleep,3,1
8,58,2400,no_sleep,3,1
8,59,2400,no_sleep,3,1
8,60,2400,no_sleep,3,1
8,61,2400,no_sleep,3,1
8,62,2400,no_sleep,3,1
8,63,2400,no_sleep,3,1
8,64,2400,no_sleep,3,1
8,65,2400,no_sleep,3,1
8,66,2400,no_sleep,3,1
8,67,2400,no_sleep,3,1
8,68,2400,no_sleep,3,1
8,69,2400,no_sleep,3,1
8,70,2400,no_sleep,3,1
8,71,2400,no_sleep,3,1
8,72,2400,no_sleep,3,1
8,73,2400,no_sleep,3,1
8,74,2400,no_sleep,3,1
8,75,2400,no_sleep,3,1
8,76,2400,no_sleep,3,1
8,77,2400,no_sleep,3,1
8,78,2400,no_sleep,3,1
8,79,2400,no_sleep,3,1
8,80,2400,no_sleep,3,1
8,81,2400,no_sleep,3,1
8,82,2400,no_sleep,3,1
8,83,2400,no_sleep,3,1
8,84,2400,no_sleep,3,1
8,85,2400,no_sleep,3,1
8,86,2400,no_sleep,3,1
8,87,2400,no_sleep,3,1
8,88,2400,no_sleep,3,1
8,89,2400,no_sleep,3,1
8,90,2400,no_sleep,3,1
8,91,2400,no_sleep,3,1
8,92,2400,no_sleep,3,1
8,93,2400,no_sleep,3,1
8,94,2400,no_sleep,3,1
8,95,2400,no_sleep,3,1
8,96,2400,no_sleep,3,1
8,97,2400,no_sleep,3,1
8,98,2400,no_sleep,3,1
8,99,2400,no_sleep,3,1
9,10,4000,no_sleep,3,1
9,11,4000,no_sleep,3,1
9,12,4000,no_sleep,3,1
9,13,4000,no_sleep,3,1
9,14,4000,no_sleep,3,1
9,15,3200,no_sleep,8,1
9,16,3200,no_sleep,7,1
9,17,3200,no_sleep,6,1
9,18,3200,no_sleep,5,1
9,19,4000,no_sleep,4,1
9,20,4000,no_sleep,4,1
9,21,4000,no_sleep,4,1
9,22,4000,no_sleep,4,1
9,23,4000,no_sleep,4,1
9,24,4000,no_sleep,4,1
9,25,3200,no_sleep,3,1
9,26,3200,no_sleep,3,1
9,27,3200,no_sleep,3,1
9,28,3200,no_sleep,3,1
9,29,3200,no_sleep,3,1
9,30,1600,no_sleep,3,1
9,31,2400,no_sleep,3,1
9,32,2400,no_sleep,3,1
9,33,2400,no_sleep,3,1
9,34,2400,no_sleep,3,1
9,35,2400,no_sleep,3,1
9,36,2400,no_sleep,3,1
9,37,2400,no_sleep,3,1
9,38,2400,no_sleep,3,1
9,39,2400,no_sleep,3,1
9,40,2400,no_sleep,3,1
9,41,2400,no_sleep,3,1
9,42,2400,no_sleep,3,1
9,43,2400,no_sleep,3,1
9,44,2400,no_sleep,3,1
9,45,2400,no_sleep,3,1
9,46,2400,no_sleep,3,1
9,47,2400,no_sleep,3,1
9,48,2400,no_sleep,3,1
9,49,2400,no_sleep,3,1
9,50,2400,no_sleep,3,1
9,51,2400,no_sleep,3,1
9,52,2400,no_sleep,3,1
9,53,2400,no_sleep,3,1
9,54,2400,no_sleep,3,1
9,55,2400,no_sleep,3,1
9,56,2400,no_sleep,3,1
9,57,2400,no_sleep,3,1
9,58,2400,no_sleep,3,1
9,59,2400,no_sleep,3,1
9,60,2400,no_sleep,3,1
9,61,2400,no_sleep,3,1
9,62,2400,no_sleep,3,1
9,63,2400,no_sleep,3,1
9,64,2400,no_sleep,3,1
9,65,2400,no_sleep,3,1
9,66,2400,no_sleep,3,1
9,67,2400,no_sleep,3,1
9,68,2400,no_sleep,3,1
9,69,2400,no_sleep,3,1
9,70,2400,no_sleep,3,1
9,71,2400,no_sleep,3,1
9,72,2400,no_sleep,3,1
9,73,2400,no_sleep,3,1
9,74,2400,no_sleep,3,1
9,75,2400,no_sleep,3,1
9,76,2400,no_sleep,3,1
9,77,2400,no_sleep,3,1
9,78,2400,no_sleep,3,1
9,79,2400,no_sleep,3,1
9,80,2400,no_sleep,3,1
9,81,2400,no_sleep,3,1
9,82,2400,no_sleep,3,1
9,83,2400,no_sleep,3,1
9,84,2400,no_sleep,3,1
9,85,2400,no_sleep,3,1
9,86,2400,no_sleep,3,1
9,87,2400,no_sleep,3,1
9,88,2400,no_sleep,3,1
9,89,2400,no_sleep,3,1
9,90,2400,no_sleep,3,1
9,91,2400,no_sleep,3,1
9,92,2400,no_sleep,3,1
9,93,2400,no_sleep,3,1
9,94,2400,no_sleep,3,1
9,95,2400,no_sleep,3,1
9,96,2400,no_sleep,3,1
9,97,2400,no_sleep,3,1
9,98,2400,no_sleep,3,1
9,99,2400,no_sleep,3,1
10,10,4000,no_sleep,3,1
10,11,4000,no_sleep,3,1
10,12,4000,no_sleep,3,1
10,13,4000,no_sleep,3,1
10,14,4000,no_sleep,3,1
10,15,4000,no_sleep,3,1
10,16,3200,no_sleep,9,1
10,17,4000,no_sleep,8,1
10,18,4000,no_sleep,7,1
10,19,3200,no_sleep,6,1
10,20,4000,no_sleep,5,1
10,21,4000,no_sleep,4,1
10,22,4000,no_sleep,4,1
10,23,4000,no_sleep,4,1
10,24,4000,no_sleep,4,1
10,25,4000,no_sleep,4,1
10,26,4000,no_sleep,4,1
10,27,4000,no_sleep,4,1
10,28,3200,no_sleep,3,1
10,29,3200,no_sleep,3,1
10,30,3200,no_sleep,3,1
10,31,3200,no_sleep,3,1
10,32,3200,no_sleep,3,1
10,33,3200,no_sleep,3,1
10,34,3200,no_sleep,3,1
10,35,3200,no_sleep,3,1
10,36,3200,no_sleep,3,1
10,37,3200,no_sleep,3,1
10,38,3200,no_sleep,3,1
10,39,3200,no_sleep,3,1
10,40,3200,no_sleep,3,1
10,41,3200,no_sleep,3,1
10,42,4000,no_sleep,3,1
10,43,4000,no_sleep,3,1
10,44,4000,no_sleep,3,1
10,45,4000,no_sleep,3,1
10,46,4000,no_sleep,3,1
10,47,4000,no_sleep,3,1
10,48,4000,no_sleep,3,1
10,49,4000,no_sleep,3,1
10,50,4000,no_sleep,3,1
10,51,4000,no_sleep,3,1
10,52,4000,no_sleep,3,1
10,53,4000,no_sleep,3,1
10,54,4000,no_sleep,3,1
10,55,4000,no_sleep,3,1
10,56,4000,no_sleep,3,1
10,57,4000,no_sleep,3,1
10,58,4000,no_sleep,3,1
10,59,4000,no_sleep,3,1
10,60,4000,no_sleep,3,1
10,61,4000,no_sleep,3,1
10,62,4000,no_sleep,3,1
10,63,4000,no_sleep,3,1
10,64,4000,no_sleep,3,1
10,65,4000,no_sleep,3,1
10,66,4000,no_sleep,3,1
10,67,4000,no_sleep,3,1
10,68,4000,no_sleep,3,1
10,69,4000,no_sleep,3,1
10,70,4000,no_sleep,3,1
10,71,4000,no_sleep,3,1
10,72,4000,no_sleep,3,1
10,73,4000,no_sleep,3,1
10,74,4000,no_sleep,3,1
10,75,4000,no_sleep,3,1
10,76,4000,no_sleep,3,1
10,77,4000,no_sleep,3,1
10,78,4000,no_sleep,3,1
10,79,4000,no_sleep,3,1
10,80,4000,no_sleep,3,1
10,81,4000,no_sleep,3,1
10,82,4000,no_sleep,3,1
10,83,4000,no_sleep,3,1
10,84,4000,no_sleep,3,1
10,85,4000,no_sleep,3,1
10,86,4000,no_sleep,3,1
10,87,4000,no_sleep,3,1
10,88,4000,no_sleep,3,1
10,89,4000,no_sleep,3,1
10,90,4000,no_sleep,3,1
10,91,4000,no_sleep,3,1
10,92,4000,no_sleep,3,1
10,93,4000,no_sleep,3,1
10,94,4000,no_sleep,3,1
10,95,4000,no_sleep,3,1
10,96,4000,no_sleep,3,1
10,97,4000,no_sleep,3,1
10,98,4000,no_sleep,3,1
10,99,4000,no_sleep,3,1
11,10,4000,no_sleep,3,1
11,11,4000,no_sleep,3,1
11,12,4000,no_sleep,3,1
11,13,4000,no_sleep,3,1
11,14,4000,no_sleep,3,1
11,15,4000,no_sleep,3,1
11,16,4000,no_sleep,3,1
11,17,4000,no_sleep,12,1
11,18,3200,no_sleep,9,1
11,19,3200,no_sleep,8,1
11,20,3200,no_sleep,8,1
11,21,3200,no_sleep,8,1
11,22,3200,no_sleep,8,1
11,23,1600,no_sleep,5,1
11,24,1600,no_sleep,5,1
11,25,1600,no_sleep,5,1
11,26,1600,no_sleep,5,1
11,27,1600,no_sleep,5,1
11,28,1600,no_sleep,5,1
11,29,1600,no_sleep,5,1
11,30,1600,no_sleep,5,1
11,31,1600,no_sleep,5,1
11,32,1600,no_sleep,5,1
11,33,1600,no_sleep,5,1
11,34,1600,no_sleep,5,1
11,35,1600,no_sleep,4,1
11,36,1600,no_sleep,4,1
11,37,1600,no_sleep,4,1
11,38,1600,no_sleep,4,1
11,39,1600,no_sleep,4,1
11,40,1600,no_sleep,4,1
11,41,1600,no_sleep,4,1
11,42,4000,no_sleep,3,1
11,43,4000,no_sleep,3,1
11,44,4000,no_sleep,3,1
11,45,4000,no_sleep,3,1
11,46,4000,no_sleep,3,1
11,47,4000,no_sleep,3,1
11,48,4000,no_sleep,3,1
11,49,4000,no_sleep,3,1
11,50,4000,no_sleep,3,1
11,51,4000,no_sleep,3,1
11,52,4000,no_sleep,3,1
11,53,4000,no_sleep,3,1
11,54,4000,no_sleep,3,1
11,55,4000,no_sleep,3,1
11,56,4000,no_sleep,3,1
11,57,4000,no_sleep,3,1
11,58,4000,no_sleep,3,1
11,59,4000,no_sleep,3,1
11,60,4000,no_sleep,3,1
11,61,4000,no_sleep,3,1
11,62,4000,no_sleep,3,1
11,63,4000,no_sleep,3,1
11,64,4000,no_sleep,3,1
11,65,4000,no_sleep,3,1
11,66,4000,no_sleep,3,1
11,67,4000,no_sleep,3,1
11,68,4000,no_sleep,3,1
11,69,4000,no_sleep,3,1
11,70,4000,no_sleep,3,1
11,71,4000,no_sleep,3,1
11,72,4000,no_sleep,3,1
11,73,4000,no_sleep,3,1
11,74,4000,no_sleep,3,1
11,75,4000,no_sleep,3,1
11,76,4000,no_sleep,3,1
11,77,4000,no_sleep,3,1
11,78,4000,no_sleep,3,1
11,79,4000,no_sleep,3,1
11,80,4000,no_sleep,3,1
11,81,4000,no_sleep,3,1
11,82,4000,no_sleep,3,1
11,83,4000,no_sleep,3,1
11,84,4000,no_sleep,3,1
11,85,4000,no_sleep,3,1
11,86,4000,no_sleep,3,1
11,87,4000,no_sleep,3,1
11,88,4000,no_sleep,3,1
11,89,4000,no_sleep,3,1
11,90,4000,no_sleep,3,1
11,91,4000,no_sleep,3,1
11,92,4000,no_sleep,3,1
11,93,4000,no_sleep,3,1
11,94,4000,no_sleep,3,1
11,95,4000,no_sleep,3,1
11,96,4000,no_sleep,3,1
11,97,4000,no_sleep,3,1
11,98,4000,no_sleep,3,1
11,99,4000,no_sleep,3,1
12,10,4000,no_sleep,3,1
12,11,4000,no_sleep,3,1
12,12,4000,no_sleep,3,1
12,13,4000,no_sleep,3,1
12,14,4000,no_sleep,3,1
12,15,4000,no_sleep,3,1
12,16,4000,no_sleep,3,1
12,17,3200,no_sleep,12,1
12,18,3200,no_sleep,12,1
12,19,3200,no_sleep,12,1
12,20,3200,no_sleep,12,1
12,21,3200,no_sleep,12,1
12,22,3200,no_sleep,12,1
12,23,3200,no_sleep,12,1
12,24,3200,no_sleep,12,1
12,25,3200,no_sleep,12,1
12,26,3200,no_sleep,12,1
12,27,3200,no_sleep,12,1
12,28,3200,no_sleep,12,1
12,29,3200,no_sleep,12,1
12,30,3200,no_sleep,12,1
12,31,3200,no_sleep,12,1
12,32,3200,no_sleep,12,1
12,33,3200,no_sleep,12,1
12,34,3200,no_sleep,12,1
12,35,3200,no_sleep,12,1
12,36,3200,no_sleep,12,1
12,37,3200,no_sleep,12,1
12,38,3200,no_sleep,12,1
12,39,3200,no_sleep,12,1
12,40,3200,no_sleep,12,1
12,41,3200,no_sleep,12,1
12,42,3200,no_sleep,12,1
12,43,3200,no_sleep,12,1
12,44,3200,no_sleep,12,1
12,45,3200,no_sleep,12,1
12,46,3200,no_sleep,12,1
12,47,3200,no_sleep,12,1
12,48,3200,no_sleep,12,1
12,49,3200,no_sleep,12,1
12,50,3200,no_sleep,12,1
12,51,3200,no_sleep,12,1
12,52,3200,no_sleep,12,1
12,53,3200,no_sleep,12,1
12,54,3200,no_sleep,12,1
12,55,3200,no_sleep,12,1
12,56,3200,no_sleep,12,1
12,57,3200,no_sleep,12,1
12,58,3200,no_sleep,12,1
12,59,3200,no_sleep,12,1
12,60,3200,no_sleep,12,1
12,61,3200,no_sleep,12,1
12,62,3200,no_sleep,12,1
12,63,3200,no_sleep,12,1
12,64,3200,no_sleep,12,1
12,65,3200,no_sleep,12,1
12,66,3200,no_sleep,12,1
12,67,3200,no_sleep,12,1
12,68,3200,no_sleep,12,1
12,69,3200,no_sleep,12,1
12,70,3200,no_sleep,12,1
12,71,3200,no_sleep,12,1
12,72,3200,no_sleep,12,1
12,73,3200,no_sleep,12,1
12,74,3200,no_sleep,12,1
12,75,3200,no_sleep,12,1
12,76,3200,no_sleep,12,1
12,77,3200,no_sleep,12,1
12,78,3200,no_sleep,12,1
12,79,3200,no_sleep,12,1
12,80,3200,no_sleep,12,1
12,81,3200,no_sleep,12,1
12,82,3200,no_sleep,12,1
12,83,3200,no_sleep,12,1
12,84,3200,no_sleep,12,1
12,85,3200,no_sleep,12,1
12,86,3200,no_sleep,12,1
12,87,3200,no_sleep,12,1
12,88,3200,no_sleep,12,1
12,89,3200,no_sleep,12,1
12,90,3200,no_sleep,12,1
12,91,3200,no_sleep,12,1
12,92,3200,no_sleep,12,1
12,93,3200,no_sleep,12,1
12,94,3200,no_sleep,12,1
12,95,3200,no_sleep,12,1
12,96,3200,no_sleep,12,1
12,97,3200,no_sleep,12,1
12,98,3200,no_sleep,12,1
12,99,3200,no_sleep,12,1
13,10,4000,no_sleep,3,1
13,11,4000,no_sleep,3,1
13,12,4000,no_sleep,3,1
13,13,4000,no_sleep,3,1
13,14,4000,no_sleep,3,1
13,15,4000,no_sleep,3,1
13,16,4000,no_sleep,3,1
13,17,3200,no_sleep,12,1
13,18,3200,no_sleep,12,1
13,19,3200,no_sleep,12,1
13,20,3200,no_sleep,12,1
13,21,3200,no_sleep,12,1
13,22,3200,no_sleep,12,1
13,23,3200,no_sleep,12,1
13,24,3200,no_sleep,12,1
13,25,3200,no_sleep,12,1
13,26,3200,no_sleep,12,1
13,27,3200,no_sleep,12,1
13,28,3200,no_sleep,12,1
13,29,3200,no_sleep,12,1
13,30,3200,no_sleep,12,1
13,31,3200,no_sleep,12,1
13,32,3200,no_sleep,12,1
13,33,3200,no_sleep,12,1
13,34,3200,no_sleep,12,1
13,35,3200,no_sleep,12,1
13,36,3200,no_sleep,12,1
13,37,3200,no_sleep,12,1
13,38,3200,no_sleep,12,1
13,39,3200,no_sleep,12,1
13,40,3200,no_sleep,12,1
13,41,3200,no_sleep,12,1
13,42,3200,no_sleep,12,1
13,43,3200,no_sleep,12,1
13,44,3200,no_sleep,12,1
13,45,3200,no_sleep,12,1
13,46,3200,no_sleep,12,1
13,47,3200,no_sleep,12,1
13,48,3200,no_sleep,12,1
13,49,3200,no_sleep,12,1
13,50,3200,no_sleep,12,1
13,51,3200,no_sleep,12,1
13,52,3200,no_sleep,12,1
13,53,3200,no_sleep,12,1
13,54,3200,no_sleep,12,1
13,55,3200,no_sleep,12,1
13,56,3200,no_sleep,12,1
13,57,3200,no_sleep,12,1
13,58,3200,no_sleep,12,1
13,59,3200,no_sleep,12,1
13,60,3200,no_sleep,12,1
13,61,3200,no_sleep,12,1
13,62,3200,no_sleep,12,1
13,63,3200,no_sleep,12,1
13,64,3200,no_sleep,12,1
13,65,3200,no_sleep,12,1
13,66,3200,no_sleep,12,1
13,67,3200,no_sleep,12,1
13,68,3200,no_sleep,12,1
13,69,3200,no_sleep,12,1
13,70,3200,no_sleep,12,1
13,71,3200,no_sleep,12,1
13,72,3200,no_sleep,12,1
13,73,3200,no_sleep,12,1
13,74,3200,no_sleep,12,1
13,75,3200,no_sleep,12,1
13,76,3200,no_sleep,12,1
13,77,3200,no_sleep,12,1
13,78,3200,no_sleep,12,1
13,79,3200,no_sleep,12,1
13,80,3200,no_sleep,12,1
13,81,3200,no_sleep,12,1
13,82,3200,no_sleep,12,1
13,83,3200,no_sleep,12,1
13,84,3200,no_sleep,12,1
13,85,3200,no_sleep,12,1
13,86,3200,no_sleep,12,1
13,87,3200,no_sleep,12,1
13,88,3200,no_sleep,12,1
13,89,3200,no_sleep,12,1
13,90,3200,no_sleep,12,1
13,91,3200,no_sleep,12,1
13,92,3200,no_sleep,12,1
13,93,3200,no_sleep,12,1
13,94,3200,no_sleep,12,1
13,95,3200,no_sleep,12,1
13,96,3200,no_sleep,12,1
13,97,3200,no_sleep,12,1
13,98,3200,no_sleep,12,1
13,99,3200,no_sleep,12,1
14,10,4000,no_sleep,3,1
14,11,4000,no_sleep,3,1
14,12,4000,no_sleep,3,1
14,13,4000,no_sleep,3,1
14,14,4000,no_sleep,3,1
14,15,4000,no_sleep,3,1
14,16,4000,no_sleep,3,1
14,17,3200,no_sleep,12,1
14,18,3200,no_sleep,12,1
14,19,3200,no_sleep,12,1
14,20,3200,no_sleep,12,1
14,21,3200,no_sleep,12,1
14,22,3200,no_sleep,12,1
14,23,3200,no_sleep,12,1
14,24,3200,no_sleep,12,1
14,25,3200,no_sleep,12,1
14,26,3200,no_sleep,12,1
14,27,3200,no_sleep,12,1
14,28,3200,no_sleep,12,1
14,29,3200,no_sleep,12,1
14,30,3200,no_sleep,12,1
14,31,3200,no_sleep,12,1
14,32,3200,no_sleep,12,1
14,33,3200,no_sleep,12,1
14,34,3200,no_sleep,12,1
14,35,3200,no_sleep,12,1
14,36,3200,no_sleep,12,1
14,37,3200,no_sleep,12,1
14,38,3200,no_sleep,12,1
14,39,3200,no_sleep,12,1
14,40,3200,no_sleep,12,1
14,41,3200,no_sleep,12,1
14,42,3200,no_sleep,12,1
14,43,3200,no_sleep,12,1
14,44,3200,no_sleep,12,1
14,45,3200,no_sleep,12,1
14,46,3200,no_sleep,12,1
14,47,3200,no_sleep,12,1
14,48,3200,no_sleep,12,1
14,49,3200,no_sleep,12,1
14,50,3200,no_sleep,12,1
14,51,3200,no_sleep,12,1
14,52,3200,no_sleep,12,1
14,53,3200,no_sleep,12,1
14,54,3200,no_sleep,12,1
14,55,3200,no_sleep,12,1
14,56,3200,no_sleep,12,1
14,57,3200,no_sleep,12,1
14,58,3200,no_sleep,12,1
14,59,3200,no_sleep,12,1
14,60,3200,no_sleep,12,1
14,61,3200,no_sleep,12,1
14,62,3200,no_sleep,12,1
14,63,3200,no_sleep,12,1
14,64,3200,no_sleep,12,1
14,65,3200,no_sleep,12,1
14,66,3200,no_sleep,12,1
14,67,3200,no_sleep,12,1
14,68,3200,no_sleep,12,1
14,69,3200,no_sleep,12,1
14,70,3200,no_sleep,12,1
14,71,3200,no_sleep,12,1
14,72,3200,no_sleep,12,1
14,73,3200,no_sleep,12,1
14,74,3200,no_sleep,12,1
14,75,3200,no_sleep,12,1
14,76,3200,no_sleep,12,1
14,77,3200,no_sleep,12,1
14,78,3200,no_sleep,12,1
14,79,3200,no_sleep,12,1
14,80,3200,no_sleep,12,1
14,81,3200,no_sleep,12,1
14,82,3200,no_sleep,12,1
14,83,3200,no_sleep,12,1
14,84,3200,no_sleep,12,1
14,85,3200,no_sleep,12,1
14,86,3200,no_sleep,12,1
14,87,3200,no_sleep,12,1
14,88,3200,no_sleep,12,1
14,89,3200,no_sleep,12,1
14,90,3200,no_sleep,12,1
14,91,3200,no_sleep,12,1
14,92,3200,no_sleep,12,1
14,93,3200,no_sleep,12,1
14,94,3200,no_sleep,12,1
14,95,3200,no_sleep,12,1
14,96,3200,no_sleep,12,1
14,97,3200,no_sleep,12,1
14,98,3200,no_sleep,12,1
14,99,3200,no_sleep,12,1
15,10,4000,no_sleep,3,1
15,11,4000,no_sleep,3,1
15,12,4000,no_sleep,3,1
15,13,4000,no_sleep,3,1
15,14,4000,no_sleep,3,1
15,15,4000,no_sleep,3,1
15,16,4000,no_sleep,3,1
15,17,3200,no_sleep,12,1
15,18,3200,no_sleep,12,1
15,19,3200,no_sleep,12,1
15,20,3200,no_sleep,12,1
15,21,3200,no_sleep,12,1
15,22,3200,no_sleep,12,1
15,23,3200,no_sleep,12,1
15,24,3200,no_sleep,12,1
15,25,3200,no_sleep,12,1
15,26,3200,no_sleep,12,1
15,27,3200,no_sleep,12,1
15,28,3200,no_sleep,12,1
15,29,3200,no_sleep,12,1
15,30,3200,no_sleep,12,1
15,31,3200,no_sleep,12,1
15,32,3200,no_sleep,12,1
15,33,3200,no_sleep,12,1
15,34,3200,no_sleep,12,1
15,35,3200,no_sleep,12,1
15,36,3200,no_sleep,12,1
15,37,3200,no_sleep,12,1
15,38,3200,no_sleep,12,1
15,39,3200,no_sleep,12,1
15,40,3200,no_sleep,12,1
15,41,3200,no_sleep,12,1
15,42,3200,no_sleep,12,1
15,43,3200,no_sleep,12,1
15,44,3200,no_sleep,12,1
15,45,3200,no_sleep,12,1
15,46,3200,no_sleep,12,1
15,47,3200,no_sleep,12,1
15,48,3200,no_sleep,12,1
15,49,3200,no_sleep,12,1
15,50,3200,no_sleep,12,1
15,51,3200,no_sleep,12,1
15,52,3200,no_sleep,12,1
15,53,3200,no_sleep,12,1
15,54,3200,no_sleep,12,1
15,55,3200,no_sleep,12,1
15,56,3200,no_sleep,12,1
15,57,3200,no_sleep,12,1
15,58,3200,no_sleep,12,1
15,59,3200,no_sleep,12,1
15,60,3200,no_sleep,12,1
15,61,3200,no_sleep,12,1
15,62,3200,no_sleep,12,1
15,63,3200,no_sleep,12,1
15,64,3200,no_sleep,12,1
15,65,3200,no_sleep,12,1
15,66,3200,no_sleep,12,1
15,67,3200,no_sleep,12,1
15,68,3200,no_sleep,12,1
15,69,3200,no_sleep,12,1
15,70,3200,no_sleep,12,1
15,71,3200,no_sleep,12,1
15,72,3200,no_sleep,12,1
15,73,3200,no_sleep,12,1
15,74,3200,no_sleep,12,1
15,75,3200,no_sleep,12,1
15,76,3200,no_sleep,12,1
15,77,3200,no_sleep,12,1
15,78,3200,no_sleep,12,1
15,79,3200,no_sleep,12,1
15,80,3200,no_sleep,12,1
15,81,3200,no_sleep,12,1
15,82,3200,no_sleep,12,1
15,83,3200,no_sleep,12,1
15,84,3200,no_sleep,12,1
15,85,3200,no_sleep,12,1
15,86,3200,no_sleep,12,1
15,87,3200,no_sleep,12,1
15,88,3200,no_sleep,12,1
15,89,3200,no_sleep,12,1
15,90,3200,no_sleep,12,1
15,91,3200,no_sleep,12,1
15,92,3200,no_sleep,12,1
15,93,3200,no_sleep,12,1
15,94,3200,no_sleep,12,1
15,95,3200,no_sleep,12,1
15,96,3200,no_sleep,12,1
15,97,3200,no_sleep,12,1
15,98,3200,no_sleep,12,1
15,99,3200,no_sleep,12,1
16,10,4000,no_sleep,3,1
16,11,4000,no_sleep,3,1
16,12,4000,no_sleep,3,1
16,13,4000,no_sleep,3,1
16,14,4000,no_sleep,3,1
16,15,4000,no_sleep,3,1
16,16,4000,no_sleep,3,1
16,17,3200,no_sleep,12,1
16,18,3200,no_sleep,12,1
16,19,3200,no_sleep,12,1
16,20,3200,no_sleep,12,1
16,21,3200,no_sleep,12,1
16,22,3200,no_sleep,12,1
16,23,3200,no_sleep,12,1
16,24,3200,no_sleep,12,1
16,25,3200,no_sleep,12,1
16,26,3200,no_sleep,12,1
16,27,3200,no_sleep,12,1
16,28,3200,no_sleep,12,1
16,29,3200,no_sleep,12,1
16,30,3200,no_sleep,12,1
16,31,3200,no_sleep,12,1
16,32,3200,no_sleep,12,1
16,33,3200,no_sleep,12,1
16,34,3200,no_sleep,12,1
16,35,3200,no_sleep,12,1
16,36,3200,no_sleep,12,1
16,37,3200,no_sleep,12,1
16,38,3200,no_sleep,12,1
16,39,3200,no_sleep,12,1
16,40,3200,no_sleep,12,1
16,41,3200,no_sleep,12,1
16,42,3200,no_sleep,12,1
16,43,3200,no_sleep,12,1
16,44,3200,no_sleep,12,1
16,45,3200,no_sleep,12,1
16,46,3200,no_sleep,12,1
16,47,3200,no_sleep,12,1
16,48,3200,no_sleep,12,1
16,49,3200,no_sleep,12,1
16,50,3200,no_sleep,12,1
16,51,3200,no_sleep,12,1
16,52,3200,no_sleep,12,1
16,53,3200,no_sleep,12,1
16,54,3200,no_sleep,12,1
16,55,3200,no_sleep,12,1
16,56,3200,no_sleep,12,1
16,57,3200,no_sleep,12,1
16,58,3200,no_sleep,12,1
16,59,3200,no_sleep,12,1
16,60,3200,no_sleep,12,1
16,61,3200,no_sleep,12,1
16,62,3200,no_sleep,12,1
16,63,3200,no_sleep,12,1
16,64,3200,no_sleep,12,1
16,65,3200,no_sleep,12,1
16,66,3200,no_sleep,12,1
16,67,3200,no_sleep,12,1
16,68,3200,no_sleep,12,1
16,69,3200,no_sleep,12,1
16,70,3200,no_sleep,12,1
16,71,3200,no_sleep,12,1
16,72,3200,no_sleep,12,1
16,73,3200,no_sleep,12,1
16,74,3200,no_sleep,12,1
16,75,3200,no_sleep,12,1
16,76,3200,no_sleep,12,1
16,77,3200,no_sleep,12,1
16,78,3200,no_sleep,12,1
16,79,3200,no_sleep,12,1
16,80,3200,no_sleep,12,1
16,81,3200,no_sleep,12,1
16,82,3200,no_sleep,12,1
16,83,3200,no_sleep,12,1
16,84,3200,no_sleep,12,1
16,85,3200,no_sleep,12,1
16,86,3200,no_sleep,12,1
16,87,3200,no_sleep,12,1
16,88,3200,no_sleep,12,1
16,89,3200,no_sleep,12,1
16,90,3200,no_sleep,12,1
16,91,3200,no_sleep,12,1
16,92,3200,no_sleep,12,1
16,93,3200,no_sleep,12,1
16,94,3200,no_sleep,12,1
16,95,3200,no_sleep,12,1
16,96,3200,no_sleep,12,1
16,97,3200,no_sleep,12,1
16,98,3200,no_sleep,12,1
16,99,3200,no_sleep,12,1
17,10,4000,no_sleep,3,1
17,11,4000,no_sleep,3,1
17,12,4000,no_sleep,3,1
17,13,4000,no_sleep,3,1
17,14,4000,no_sleep,3,1
17,15,4000,no_sleep,3,1
17,16,4000,no_sleep,3,1
17,17,3200,no_sleep,12,1
17,18,3200,no_sleep,12,1
17,19,3200,no_sleep,12,1
17,20,3200,no_sleep,12,1
17,21,3200,no_sleep,12,1
17,22,3200,no_sleep,12,1
17,23,3200,no_sleep,12,1
17,24,3200,no_sleep,12,1
17,25,3200,no_sleep,12,1
17,26,3200,no_sleep,12,1
17,27,3200,no_sleep,12,1
17,28,3200,no_sleep,12,1
17,29,3200,no_sleep,12,1
17,30,3200,no_sleep,12,1
17,31,3200,no_sleep,12,1
17,32,3200,no_sleep,12,1
17,33,3200,no_sleep,12,1
17,34,3200,no_sleep,12,1
17,35,3200,no_sleep,12,1
17,36,3200,no_sleep,12,1
17,37,3200,no_sleep,12,1
17,38,3200,no_sleep,12,1
17,39,3200,no_sleep,12,1
17,40,3200,no_sleep,12,1
17,41,3200,no_sleep,12,1
17,42,3200,no_sleep,12,1
17,43,3200,no_sleep,12,1
17,44,3200,no_sleep,12,1
17,45,3200,no_sleep,12,1
17,46,3200,no_sleep,12,1
17,47,3200,no_sleep,12,1
17,48,3200,no_sleep,12,1
17,49,3200,no_sleep,12,1
17,50,3200,no_sleep,12,1
17,51,3200,no_sleep,12,1
17,52,3200,no_sleep,12,1
17,53,3200,no_sleep,12,1
17,54,3200,no_sleep,12,1
17,55,3200,no_sleep,12,1
17,56,3200,no_sleep,12,1
17,57,3200,no_sleep,12,1
17,58,3200,no_sleep,12,1
17,59,3200,no_sleep,12,1
17,60,3200,no_sleep,12,1
17,61,3200,no_sleep,12,1
17,62,3200,no_sleep,12,1
17,63,3200,no_sleep,12,1
17,64,3200,no_sleep,12,1
17,65,3200,no_sleep,12,1
17,66,3200,no_sleep,12,1
17,67,3200,no_sleep,12,1
17,68,3200,no_sleep,12,1
17,69,3200,no_sleep,12,1
17,70,3200,no_sleep,12,1
17,71,3200,no_sleep,12,1
17,72,3200,no_sleep,12,1
17,73,3200,no_sleep,12,1
17,74,3200,no_sleep,12,1
17,75,3200,no_sleep,12,1
17,76,3200,no_sleep,12,1
17,77,3200,no_sleep,12,1
17,78,3200,no_sleep,12,1
17,79,3200,no_sleep,12,1
17,80,3200,no_sleep,12,1
17,81,3200,no_sleep,12,1
17,82,3200,no_sleep,12,1
17,83,3200,no_sleep,12,1
17,84,3200,no_sleep,12,1
17,85,3200,no_sleep,12,1
17,86,3200,no_sleep,12,1
17,87,3200,no_sleep,12,1
17,88,3200,no_sleep,12,1
17,89,3200,no_sleep,12,1
17,90,3200,no_sleep,12,1
17,91,3200,no_sleep,12,1
17,92,3200,no_sleep,12,1
17,93,3200,no_sleep,12,1
17,94,3200,no_sleep,12,1
17,95,3200,no_sleep,12,1
17,96,3200,no_sleep,12,1
17,97,3200,no_sleep,12,1
17,98,3200,no_sleep,12,1
17,99,3200,no_sleep,12,1
18,10,4000,no_sleep,3,1
18,11,4000,no_sleep,3,1
18,12,4000,no_sleep,3,1
18,13,4000,no_sleep,3,1
18,14,4000,no_sleep,3,1
18,15,4000,no_sleep,3,1
18,16,4000,no_sleep,3,1
18,17,3200,no_sleep,12,1
18,18,3200,no_sleep,12,1
18,19,3200,no_sleep,12,1
18,20,3200,no_sleep,12,1
18,21,3200,no_sleep,12,1
18,22,3200,no_sleep,12,1
18,23,3200,no_sleep,12,1
18,24,3200,no_sleep,12,1
18,25,3200,no_sleep,12,1
18,26,3200,no_sleep,12,1
18,27,3200,no_sleep,12,1
18,28,3200,no_sleep,12,1
18,29,3200,no_sleep,12,1
18,30,3200,no_sleep,12,1
18,31,3200,no_sleep,12,1
18,32,3200,no_sleep,12,1
18,33,3200,no_sleep,12,1
18,34,3200,no_sleep,12,1
18,35,3200,no_sleep,12,1
18,36,3200,no_sleep,12,1
18,37,3200,no_sleep,12,1
18,38,3200,no_sleep,12,1
18,39,3200,no_sleep,12,1
18,40,3200,no_sleep,12,1
18,41,3200,no_sleep,12,1
18,42,3200,no_sleep,12,1
18,43,3200,no_sleep,12,1
18,44,3200,no_sleep,12,1
18,45,3200,no_sleep,12,1
18,46,3200,no_sleep,12,1
18,47,3200,no_sleep,12,1
18,48,3200,no_sleep,12,1
18,49,3200,no_sleep,12,1
18,50,3200,no_sleep,12,1
18,51,3200,no_sleep,12,1
18,52,3200,no_sleep,12,1
18,53,3200,no_sleep,12,1
18,54,3200,no_sleep,12,1
18,55,3200,no_sleep,12,1
18,56,3200,no_sleep,12,1
18,57,3200,no_sleep,12,1
18,58,3200,no_sleep,12,1
18,59,3200,no_sleep,12,1
18,60,3200,no_sleep,12,1
18,61,3200,no_sleep,12,1
18,62,3200,no_sleep,12,1
18,63,3200,no_sleep,12,1
18,64,3200,no_sleep,12,1
18,65,3200,no_sleep,12,1
18,66,3200,no_sleep,12,1
18,67,3200,no_sleep,12,1
18,68,3200,no_sleep,12,1
18,69,3200,no_sleep,12,1
18,70,3200,no_sleep,12,1
18,71,3200,no_sleep,12,1
18,72,3200,no_sleep,12,1
18,73,3200,no_sleep,12,1
18,74,3200,no_sleep,12,1
18,75,3200,no_sleep,12,1
18,76,3200,no_sleep,12,1
18,77,3200,no_sleep,12,1
18,78,3200,no_sleep,12,1
18,79,3200,no_sleep,12,1
18,80,3200,no_sleep,12,1
18,81,3200,no_sleep,12,1
18,82,3200,no_sleep,12,1
18,83,3200,no_sleep,12,1
18,84,3200,no_sleep,12,1
18,85,3200,no_sleep,12,1
18,86,3200,no_sleep,12,1
18,87,3200,no_sleep,12,1
18,88,3200,no_sleep,12,1
18,89,3200,no_sleep,12,1
18,90,3200,no_sleep,12,1
18,91,3200,no_sleep,12,1
18,92,3200,no_sleep,12,1
18,93,3200,no_sleep,12,1
18,94,3200,no_sleep,12,1
18,95,3200,no_sleep,12,1
18,96,3200,no_sleep,12,1
18,97,3200,no_sleep,12,1
18,98,3200,no_sleep,12,1
18,99,3200,no_sleep,12,1
19,10,4000,no_sleep,3,1
19,11,4000,no_sleep,3,1
19,12,4000,no_sleep,3,1
19,13,4000,no_sleep,3,1
19,14,4000,no_sleep,3,1
19,15,4000,no_sleep,3,1
19,16,4000,no_sleep,3,1
19,17,3200,no_sleep,12,1
19,18,3200,no_sleep,12,1
19,19,3200,no_sleep,12,1
19,20,3200,no_sleep,12,1
19,21,3200,no_sleep,12,1
19,22,3200,no_sleep,12,1
19,23,3200,no_sleep,12,1
19,24,3200,no_sleep,12,1
19,25,3200,no_sleep,12,1
19,26,3200,no_sleep,12,1
19,27,3200,no_sleep,12,1
19,28,3200,no_sleep,12,1
19,29,3200,no_sleep,12,1
19,30,3200,no_sleep,12,1
19,31,3200,no_sleep,12,1
19,32,3200,no_sleep,12,1
19,33,3200,no_sleep,12,1
19,34,3200,no_sleep,12,1
19,35,3200,no_sleep,12,1
19,36,3200,no_sleep,12,1
19,37,3200,no_sleep,12,1
19,38,3200,no_sleep,12,1
19,39,3200,no_sleep,12,1
19,40,3200,no_sleep,12,1
19,41,3200,no_sleep,12,1
19,42,3200,no_sleep,12,1
19,43,3200,no_sleep,12,1
19,44,3200,no_sleep,12,1
19,45,3200,no_sleep,12,1
19,46,3200,no_sleep,12,1
19,47,3200,no_sleep,12,1
19,48,3200,no_sleep,12,1
19,49,3200,no_sleep,12,1
19,50,3200,no_sleep,12,1
19,51,3200,no_sleep,12,1
19,52,3200,no_sleep,12,1
19,53,3200,no_sleep,12,1
19,54,3200,no_sleep,12,1
19,55,3200,no_sleep,12,1
19,56,3200,no_sleep,12,1
19,57,3200,no_sleep,12,1
19,58,3200,no_sleep,12,1
19,59,3200,no_sleep,12,1
19,60,3200,no_sleep,12,1
19,61,3200,no_sleep,12,1
19,62,3200,no_sleep,12,1
19,63,3200,no_sleep,12,1
19,64,3200,no_sleep,12,1
19,65,3200,no_sleep,12,1
19,66,3200,no_sleep,12,1
19,67,3200,no_sleep,12,1
19,68,3200,no_sleep,12,1
19,69,3200,no_sleep,12,1
19,70,3200,no_sleep,12,1
19,71,3200,no_sleep,12,1
19,72,3200,no_sleep,12,1
19,73,3200,no_sleep,12,1
19,74,3200,no_sleep,12,1
19,75,3200,no_sleep,12,1
19,76,3200,no_sleep,12,1
19,77,3200,no_sleep,12,1
19,78,3200,no_sleep,12,1
19,79,3200,no_sleep,12,1
19,80,3200,no_sleep,12,1
19,81,3200,no_sleep,12,1
19,82,3200,no_sleep,12,1
19,83,3200,no_sleep,12,1
19,84,3200,no_sleep,12,1
19,85,3200,no_sleep,12,1
19,86,3200,no_sleep,12,1
19,87,3200,no_sleep,12,1
19,88,3200,no_sleep,12,1
19,89,3200,no_sleep,12,1
19,90,3200,no_sleep,12,1
19,91,3200,no_sleep,12,1
19,92,3200,no_sleep,12,1
19,93,3200,no_sleep,12,1
19,94,3200,no_sleep,12,1
19,95,3200,no_sleep,12,1
19,96,3200,no_sleep,12,1
19,97,3200,no_sleep,12,1
19,98,3200,no_sleep,12,1
19,99,3200,no_sleep,12,1
20,10,4000,no_sleep,3,1
20,11,4000,no_sleep,3,1
20,12,4000,no_sleep,3,1
20,13,4000,no_sleep,3,1
20,14,4000,no_sleep,3,1
20,15,4000,no_sleep,3,1
20,16,4000,no_sleep,3,1
20,17,3200,no_sleep,12,1
20,18,3200,no_sleep,12,1
20,19,3200,no_sleep,12,1
20,20,3200,no_sleep,12,1
20,21,3200,no_sleep,12,1
20,22,3200,no_sleep,12,1
20,23,3200,no_sleep,12,1
20,24,3200,no_sleep,12,1
20,25,3200,no_sleep,12,1
20,26,3200,no_sleep,12,1
20,27,3200,no_sleep,12,1
20,28,3200,no_sleep,12,1
20,29,3200,no_sleep,12,1
20,30,3200,no_sleep,12,1
20,31,3200,no_sleep,12,1
20,32,3200,no_sleep,12,1
20,33,3200,no_sleep,12,1
20,34,3200,no_sleep,12,1
20,35,3200,no_sleep,12,1
20,36,3200,no_sleep,12,1
20,37,3200,no_sleep,12,1
20,38,3200,no_sleep,12,1
20,39,3200,no_sleep,12,1
20,40,3200,no_sleep,12,1
20,41,3200,no_sleep,12,1
20,42,3200,no_sleep,12,1
20,43,3200,no_sleep,12,1
20,44,3200,no_sleep,12,1
20,45,3200,no_sleep,12,1
20,46,3200,no_sleep,12,1
20,47,3200,no_sleep,12,1
20,48,3200,no_sleep,12,1
20,49,3200,no_sleep,12,1
20,50,3200,no_sleep,12,1
20,51,3200,no_sleep,12,1
20,52,3200,no_sleep,12,1
20,53,3200,no_sleep,12,1
20,54,3200,no_sleep,12,1
20,55,3200,no_sleep,12,1
20,56,3200,no_sleep,12,1
20,57,3200,no_sleep,12,1
20,58,3200,no_sleep,12,1
20,59,3200,no_sleep,12,1
20,60,3200,no_sleep,12,1
20,61,3200,no_sleep,12,1
20,62,3200,no_sleep,12,1
20,63,3200,no_sleep,12,1
20,64,3200,no_sleep,12,1
20,65,3200,no_sleep,12,1
20,66,3200,no_sleep,12,1
20,67,3200,no_sleep,12,1
20,68,3200,no_sleep,12,1
20,69,3200,no_sleep,12,1
20,70,3200,no_sleep,12,1
20,71,3200,no_sleep,12,1
20,72,3200,no_sleep,12,1
20,73,3200,no_sleep,12,1
20,74,3200,no_sleep,12,1
20,75,3200,no_sleep,12,1
20,76,3200,no_sleep,12,1
20,77,3200,no_sleep,12,1
20,78,3200,no_sleep,12,1
20,79,3200,no_sleep,12,1
20,80,3200,no_sleep,12,1
20,81,3200,no_sleep,12,1
20,82,3200,no_sleep,12,1
20,83,3200,no_sleep,12,1
20,84,3200,no_sleep,12,1
20,85,3200,no_sleep,12,1
20,86,3200,no_sleep,12,1
20,87,3200,no_sleep,12,1
20,88,3200,no_sleep,12,1
20,89,3200,no_sleep,12,1
20,90,3200,no_sleep,12,1
20,91,3200,no_sleep,12,1
20,92,3200,no_sleep,12,1
20,93,3200,no_sleep,12,1
20,94,3200,no_sleep,12,1
20,95,3200,no_sleep,12,1
20,96,3200,no_sleep,12,1
20,97,3200,no_sleep,12,1
20,98,3200,no_sleep,12,1
20,99,3200,no_sleep,12,1
21,10,4000,no_sleep,3,1
21,11,4000,no_sleep,3,1
21,12,4000,no_sleep,3,1
21,13,4000,no_sleep,3,1
21,14,4000,no_sleep,3,1
21,15,4000,no_sleep,3,1
21,16,4000,no_sleep,3,1
21,17,3200,no_sleep,12,1
21,18,3200,no_sleep,12,1
21,19,3200,no_sleep,12,1
21,20,3200,no_sleep,12,1
21,21,3200,no_sleep,12,1
21,22,3200,no_sleep,12,1
21,23,3200,no_sleep,12,1
21,24,3200,no_sleep,12,1
21,25,3200,no_sleep,12,1
21,26,3200,no_sleep,12,1
21,27,3200,no_sleep,12,1
21,28,3200,no_sleep,12,1
21,29,3200,no_sleep,12,1
21,30,3200,no_sleep,12,1
21,31,3200,no_sleep,12,1
21,32,3200,no_sleep,12,1
21,33,3200,no_sleep,12,1
21,34,3200,no_sleep,12,1
21,35,3200,no_sleep,12,1
21,36,3200,no_sleep,12,1
21,37,3200,no_sleep,12,1
21,38,3200,no_sleep,12,1
21,39,3200,no_sleep,12,1
21,40,3200,no_sleep,12,1
21,41,3200,no_sleep,12,1
21,42,3200,no_sleep,12,1
21,43,3200,no_sleep,12,1
21,44,3200,no_sleep,12,1
21,45,3200,no_sleep,12,1
21,46,3200,no_sleep,12,1
21,47,3200,no_sleep,12,1
21,48,3200,no_sleep,12,1
21,49,3200,no_sleep,12,1
21,50,3200,no_sleep,12,1
21,51,3200,no_sleep,12,1
21,52,3200,no_sleep,12,1
21,53,3200,no_sleep,12,1
21,54,3200,no_sleep,12,1
21,55,3200,no_sleep,12,1
21,56,3200,no_sleep,12,1
21,57,3200,no_sleep,12,1
21,58,3200,no_sleep,12,1
21,59,3200,no_sleep,12,1
21,60,3200,no_sleep,12,1
21,61,3200,no_sleep,12,1
21,62,3200,no_sleep,12,1
21,63,3200,no_sleep,12,1
21,64,3200,no_sleep,12,1
21,65,3200,no_sleep,12,1
21,66,3200,no_sleep,12,1
21,67,3200,no_sleep,12,1
21,68,3200,no_sleep,12,1
21,69,3200,no_sleep,12,1
21,70,3200,no_sleep,12,1
21,71,3200,no_sleep,12,1
21,72,3200,no_sleep,12,1
21,73,3200,no_sleep,12,1
21,74,3200,no_sleep,12,1
21,75,3200,no_sleep,12,1
21,76,3200,no_sleep,12,1
21,77,3200,no_sleep,12,1
21,78,3200,no_sleep,12,1
21,79,3200,no_sleep,12,1
21,80,3200,no_sleep,12,1
21,81,3200,no_sleep,12,1
21,82,3200,no_sleep,12,1
21,83,3200,no_sleep,12,1
21,84,3200,no_sleep,12,1
21,85,3200,no_sleep,12,1
21,86,3200,no_sleep,12,1
21,87,3200,no_sleep,12,1
21,88,3200,no_sleep,12,1
21,89,3200,no_sleep,12,1
21,90,3200,no_sleep,12,1
21,91,3200,no_sleep,12,1
21,92,3200,no_sleep,12,1
21,93,3200,no_sleep,12,1
21,94,3200,no_sleep,12,1
21,95,3200,no_sleep,12,1
21,96,3200,no_sleep,12,1
21,97,3200,no_sleep,12,1
21,98,3200,no_sleep,12,1
21,99,3200,no_sleep,12,1
22,10,4000,no_sleep,3,1
22,11,4000,no_sleep,3,1
22,12,4000,no_sleep,3,1
22,13,4000,no_sleep,3,1
22,14,4000,no_sleep,3,1
22,15,4000,no_sleep,3,1
22,16,4000,no_sleep,3,1
22,17,3200,no_sleep,12,1
22,18,3200,no_sleep,12,1
22,19,3200,no_sleep,12,1
22,20,3200,no_sleep,12,1
22,21,3200,no_sleep,12,1
22,22,3200,no_sleep,12,1
22,23,3200,no_sleep,12,1
22,24,3200,no_sleep,12,1
22,25,3200,no_sleep,12,1
22,26,3200,no_sleep,12,1
22,27,3200,no_sleep,12,1
22,28,3200,no_sleep,12,1
22,29,3200,no_sleep,12,1
22,30,3200,no_sleep,12,1
22,31,3200,no_sleep,12,1
22,32,3200,no_sleep,12,1
22,33,3200,no_sleep,12,1
22,34,3200,no_sleep,12,1
22,35,3200,no_sleep,12,1
22,36,3200,no_sleep,12,1
22,37,3200,no_sleep,12,1
22,38,3200,no_sleep,12,1
22,39,3200,no_sleep,12,1
22,40,3200,no_sleep,12,1
22,41,3200,no_sleep,12,1
22,42,3200,no_sleep,12,1
22,43,3200,no_sleep,12,1
22,44,3200,no_sleep,12,1
22,45,3200,no_sleep,12,1
22,46,3200,no_sleep,12,1
22,47,3200,no_sleep,12,1
22,48,3200,no_sleep,12,1
22,49,3200,no_sleep,12,1
22,50,3200,no_sleep,12,1
22,51,3200,no_sleep,12,1
22,52,3200,no_sleep,12,1
22,53,3200,no_sleep,12,1
22,54,3200,no_sleep,12,1
22,55,3200,no_sleep,12,1
22,56,3200,no_sleep,12,1
22,57,3200,no_sleep,12,1
22,58,3200,no_sleep,12,1
22,59,3200,no_sleep,12,1
22,60,3200,no_sleep,12,1
22,61,3200,no_sleep,12,1
22,62,3200,no_sleep,12,1
22,63,3200,no_sleep,12,1
22,64,3200,no_sleep,12,1
22,65,3200,no_sleep,12,1
22,66,3200,no_sleep,12,1
22,67,3200,no_sleep,12,1
22,68,3200,no_sleep,12,1
22,69,3200,no_sleep,12,1
22,70,3200,no_sleep,12,1
22,71,3200,no_sleep,12,1
22,72,3200,no_sleep,12,1
22,73,3200,no_sleep,12,1
22,74,3200,no_sleep,12,1
22,75,3200,no_sleep,12,1
22,76,3200,no_sleep,12,1
22,77,3200,no_sleep,12,1
22,78,3200,no_sleep,12,1
22,79,3200,no_sleep,12,1
22,80,3200,no_sleep,12,1
22,81,3200,no_sleep,12,1
22,82,3200,no_sleep,12,1
22,83,3200,no_sleep,12,1
22,84,3200,no_sleep,12,1
22,85,3200,no_sleep,12,1
22,86,3200,no_sleep,12,1
22,87,3200,no_sleep,12,1
22,88,3200,no_sleep,12,1
22,89,3200,no_sleep,12,1
22,90,3200,no_sleep,12,1
22,91,3200,no_sleep,12,1
22,92,3200,no_sleep,12,1
22,93,3200,no_sleep,12,1
22,94,3200,no_sleep,12,1
22,95,3200,no_sleep,12,1
22,96,3200,no_sleep,12,1
22,97,3200,no_sleep,12,1
22,98,3200,no_sleep,12,1
22,99,3200,no_sleep,12,1
23,10,4000,no_sleep,3,1
23,11,4000,no_sleep,3,1
23,12,4000,no_sleep,3,1
23,13,4000,no_sleep,3,1
23,14,4000,no_sleep,3,1
23,15,4000,no_sleep,3,1
23,16,4000,no_sleep,3,1
23,17,3200,no_sleep,12,1
23,18,3200,no_sleep,12,1
23,19,3200,no_sleep,12,1
23,20,3200,no_sleep,12,1
23,21,3200,no_sleep,12,1
23,22,3200,no_sleep,12,1
23,23,3200,no_sleep,12,1
23,24,3200,no_sleep,12,1
23,25,3200,no_sleep,12,1
23,26,3200,no_sleep,12,1
23,27,3200,no_sleep,12,1
23,28,3200,no_sleep,12,1
23,29,3200,no_sleep,12,1
23,30,3200,no_sleep,12,1
23,31,3200,no_sleep,12,1
23,32,3200,no_sleep,12,1
23,33,3200,no_sleep,12,1
23,34,3200,no_sleep,12,1
23,35,3200,no_sleep,12,1
23,36,3200,no_sleep,12,1
23,37,3200,no_sleep,12,1
23,38,3200,no_sleep,12,1
23,39,3200,no_sleep,12,1
23,40,3200,no_sleep,12,1
23,41,3200,no_sleep,12,1
23,42,3200,no_sleep,12,1
23,43,3200,no_sleep,12,1
23,44,3200,no_sleep,12,1
23,45,3200,no_sleep,12,1
23,46,3200,no_sleep,12,1
23,47,3200,no_sleep,12,1
23,48,3200,no_sleep,12,1
23,49,3200,no_sleep,12,1
23,50,3200,no_sleep,12,1
23,51,3200,no_sleep,12,1
23,52,3200,no_sleep,12,1
23,53,3200,no_sleep,12,1
23,54,3200,no_sleep,12,1
23,55,3200,no_sleep,12,1
23,56,3200,no_sleep,12,1
23,57,3200,no_sleep,12,1
23,58,3200,no_sleep,12,1
23,59,3200,no_sleep,12,1
23,60,3200,no_sleep,12,1
23,61,3200,no_sleep,12,1
23,62,3200,no_sleep,12,1
23,63,3200,no_sleep,12,1
23,64,3200,no_sleep,12,1
23,65,3200,no_sleep,12,1
23,66,3200,no_sleep,12,1
23,67,3200,no_sleep,12,1
23,68,3200,no_sleep,12,1
23,69,3200,no_sleep,12,1
23,70,3200,no_sleep,12,1
23,71,3200,no_sleep,12,1
23,72,3200,no_sleep,12,1
23,73,3200,no_sleep,12,1
23,74,3200,no_sleep,12,1
23,75,3200,no_sleep,12,1
23,76,3200,no_sleep,12,1
23,77,3200,no_sleep,12,1
23,78,3200,no_sleep,12,1
23,79,3200,no_sleep,12,1
23,80,3200,no_sleep,12,1
23,81,3200,no_sleep,12,1
23,82,3200,no_sleep,12,1
23,83,3200,no_sleep,12,1
23,84,3200,no_sleep,12,1
23,85,3200,no_sleep,12,1
23,86,3200,no_sleep,12,1
23,87,3200,no_sleep,12,1
23,88,3200,no_sleep,12,1
23,89,3200,no_sleep,12,1
23,90,3200,no_sleep,12,1
23,91,3200,no_sleep,12,1
23,92,3200,no_sleep,12,1
23,93,3200,no_sleep,12,1
23,94,3200,no_sleep,12,1
23,95,3200,no_sleep,12,1
23,96,3200,no_sleep,12,1
23,97,3200,no_sleep,12,1
23,98,3200,no_sleep,12,1
23,99,3200,no_sleep,12,1
24,10,4000,no_sleep,3,1
24,11,4000,no_sleep,3,1
24,12,4000,no_sleep,3,1
24,13,4000,no_sleep,3,1
24,14,4000,no_sleep,3,1
24,15,4000,no_sleep,3,1
24,16,4000,no_sleep,3,1
24,17,3200,no_sleep,12,1
24,18,3200,no_sleep,12,1
24,19,3200,no_sleep,12,1
24,20,3200,no_sleep,12,1
24,21,3200,no_sleep,12,1
24,22,3200,no_sleep,12,1
24,23,3200,no_sleep,12,1
24,24,3200,no_sleep,12,1
24,25,3200,no_sleep,12,1
24,26,3200,no_sleep,12,1
24,27,3200,no_sleep,12,1
24,28,3200,no_sleep,12,1
24,29,3200,no_sleep,12,1
24,30,3200,no_sleep,12,1
24,31,3200,no_sleep,12,1
24,32,3200,no_sleep,12,1
24,33,3200,no_sleep,12,1
24,34,3200,no_sleep,12,1
24,35,3200,no_sleep,12,1
24,36,3200,no_sleep,12,1
24,37,3200,no_sleep,12,1
24,38,3200,no_sleep,12,1
24,39,3200,no_sleep,12,1
24,40,3200,no_sleep,12,1
24,41,3200,no_sleep,12,1
24,42,3200,no_sleep,12,1
24,43,3200,no_sleep,12,1
24,44,3200,no_sleep,12,1
24,45,3200,no_sleep,12,1
24,46,3200,no_sleep,12,1
24,47,3200,no_sleep,12,1
24,48,3200,no_sleep,12,1
24,49,3200,no_sleep,12,1
24,50,3200,no_sleep,12,1
24,51,3200,no_sleep,12,1
24,52,3200,no_sleep,12,1
24,53,3200,no_sleep,12,1
24,54,3200,no_sleep,12,1
24,55,3200,no_sleep,12,1
24,56,3200,no_sleep,12,1
24,57,3200,no_sleep,12,1
24,58,3200,no_sleep,12,1
24,59,3200,no_sleep,12,1
24,60,3200,no_sleep,12,1
24,61,3200,no_sleep,12,1
24,62,3200,no_sleep,12,1
24,63,3200,no_sleep,12,1
24,64,3200,no_sleep,12,1
24,65,3200,no_sleep,12,1
24,66,3200,no_sleep,12,1
24,67,3200,no_sleep,12,1
24,68,3200,no_sleep,12,1
24,69,3200,no_sleep,12,1
24,70,3200,no_sleep,12,1
24,71,3200,no_sleep,12,1
24,72,3200,no_sleep,12,1
24,73,3200,no_sleep,12,1
24,74,3200,no_sleep,12,1
24,75,3200,no_sleep,12,1
24,76,3200,no_sleep,12,1
24,77,3200,no_sleep,12,1
24,78,3200,no_sleep,12,1
24,79,3200,no_sleep,12,1
24,80,3200,no_sleep,12,1
24,81,3200,no_sleep,12,1
24,82,3200,no_sleep,12,1
24,83,3200,no_sleep,12,1
24,84,3200,no_sleep,12,1
24,85,3200,no_sleep,12,1
24,86,3200,no_sleep,12,1
24,87,3200,no_sleep,12,1
24,88,3200,no_sleep,12,1
24,89,3200,no_sleep,12,1
24,90,3200,no_sleep,12,1
24,91,3200,no_sleep,12,1
24,92,3200,no_sleep,12,1
24,93,3200,no_sleep,12,1
24,94,3200,no_sleep,12,1
24,95,3200,no_sleep,12,1
24,96,3200,no_sleep,12,1
24,97,3200,no_sleep,12,1
24,98,3200,no_sleep,12,1
24,99,3200,no_sleep,12,1
25,10,4000,no_sleep,3,1
25,11,4000,no_sleep,3,1
25,12,4000,no_sleep,3,1
25,13,4000,no_sleep,3,1
25,14,4000,no_sleep,3,1
25,15,4000,no_sleep,3,1
25,16,4000,no_sleep,3,1
25,17,3200,no_sleep,12,1
25,18,3200,no_sleep,12,1
25,19,3200,no_sleep,12,1
25,20,3200,no_sleep,12,1
25,21,3200,no_sleep,12,1
25,22,3200,no_sleep,12,1
25,23,3200,no_sleep,12,1
25,24,3200,no_sleep,12,1
25,25,3200,no_sleep,12,1
25,26,3200,no_sleep,12,1
25,27,3200,no_sleep,12,1
25,28,3200,no_sleep,12,1
25,29,3200,no_sleep,12,1
25,30,3200,no_sleep,12,1
25,31,3200,no_sleep,12,1
25,32,3200,no_sleep,12,1
25,33,3200,no_sleep,12,1
25,34,3200,no_sleep,12,1
25,35,3200,no_sleep,12,1
25,36,3200,no_sleep,12,1
25,37,3200,no_sleep,12,1
25,38,3200,no_sleep,12,1
25,39,3200,no_sleep,12,1
25,40,3200,no_sleep,12,1
25,41,3200,no_sleep,12,1
25,42,3200,no_sleep,12,1
25,43,3200,no_sleep,12,1
25,44,3200,no_sleep,12,1
25,45,3200,no_sleep,12,1
25,46,3200,no_sleep,12,1
25,47,3200,no_sleep,12,1
25,48,3200,no_sleep,12,1
25,49,3200,no_sleep,12,1
25,50,3200,no_sleep,12,1
25,51,3200,no_sleep,12,1
25,52,3200,no_sleep,12,1
25,53,3200,no_sleep,12,1
25,54,3200,no_sleep,12,1
25,55,3200,no_sleep,12,1
25,56,3200,no_sleep,12,1
25,57,3200,no_sleep,12,1
25,58,3200,no_sleep,12,1
25,59,3200,no_sleep,12,1
25,60,3200,no_sleep,12,1
25,61,3200,no_sleep,12,1
25,62,3200,no_sleep,12,1
25,63,3200,no_sleep,12,1
25,64,3200,no_sleep,12,1
25,65,3200,no_sleep,12,1
25,66,3200,no_sleep,12,1
25,67,3200,no_sleep,12,1
25,68,3200,no_sleep,12,1
25,69,3200,no_sleep,12,1
25,70,3200,no_sleep,12,1
25,71,3200,no_sleep,12,1
25,72,3200,no_sleep,12,1
25,73,3200,no_sleep,12,1
25,74,3200,no_sleep,12,1
25,75,3200,no_sleep,12,1
25,76,3200,no_sleep,12,1
25,77,3200,no_sleep,12,1
25,78,3200,no_sleep,12,1
25,79,3200,no_sleep,12,1
25,80,3200,no_sleep,12,1
25,81,3200,no_sleep,12,1
25,82,3200,no_sleep,12,1
25,83,3200,no_sleep,12,1
25,84,3200,no_sleep,12,1
25,85,3200,no_sleep,12,1
25,86,3200,no_sleep,12,1
25,87,3200,no_sleep,12,1
25,88,3200,no_sleep,12,1
25,89,3200,no_sleep,12,1
25,90,3200,no_sleep,12,1
25,91,3200,no_sleep,12,1
25,92,3200,no_sleep,12,1
25,93,3200,no_sleep,12,1
25,94,3200,no_sleep,12,1
25,95,3200,no_sleep,12,1
25,96,3200,no_sleep,12,1
25,97,3200,no_sleep,12,1
25,98,3200,no_sleep,12,1
25,99,3200,no_sleep,12,1
26,10,4000,no_sleep,3,1
26,11,4000,no_sleep,3,1
26,12,4000,no_sleep,3,1
26,13,4000,no_sleep,3,1
26,14,4000,no_sleep,3,1
26,15,4000,no_sleep,3,1
26,16,4000,no_sleep,3,1
26,17,3200,no_sleep,12,1
26,18,3200,no_sleep,12,1
26,19,3200,no_sleep,12,1
26,20,3200,no_sleep,12,1
26,21,3200,no_sleep,12,1
26,22,3200,no_sleep,12,1
26,23,3200,no_sleep,12,1
26,24,3200,no_sleep,12,1
26,25,3200,no_sleep,12,1
26,26,3200,no_sleep,12,1
26,27,3200,no_sleep,12,1
26,28,3200,no_sleep,12,1
26,29,3200,no_sleep,12,1
26,30,3200,no_sleep,12,1
26,31,3200,no_sleep,12,1
26,32,3200,no_sleep,12,1
26,33,3200,no_sleep,12,1
26,34,3200,no_sleep,12,1
26,35,3200,no_sleep,12,1
26,36,3200,no_sleep,12,1
26,37,3200,no_sleep,12,1
26,38,3200,no_sleep,12,1
26,39,3200,no_sleep,12,1
26,40,3200,no_sleep,12,1
26,41,3200,no_sleep,12,1
26,42,3200,no_sleep,12,1
26,43,3200,no_sleep,12,1
26,44,3200,no_sleep,12,1
26,45,3200,no_sleep,12,1
26,46,3200,no_sleep,12,1
26,47,3200,no_sleep,12,1
26,48,3200,no_sleep,12,1
26,49,3200,no_sleep,12,1
26,50,3200,no_sleep,12,1
26,51,3200,no_sleep,12,1
26,52,3200,no_sleep,12,1
26,53,3200,no_sleep,12,1
26,54,3200,no_sleep,12,1
26,55,3200,no_sleep,12,1
26,56,3200,no_sleep,12,1
26,57,3200,no_sleep,12,1
26,58,3200,no_sleep,12,1
26,59,3200,no_sleep,12,1
26,60,3200,no_sleep,12,1
26,61,3200,no_sleep,12,1
26,62,3200,no_sleep,12,1
26,63,3200,no_sleep,12,1
26,64,3200,no_sleep,12,1
26,65,3200,no_sleep,12,1
26,66,3200,no_sleep,12,1
26,67,3200,no_sleep,12,1
26,68,3200,no_sleep,12,1
26,69,3200,no_sleep,12,1
26,70,3200,no_sleep,12,1
26,71,3200,no_sleep,12,1
26,72,3200,no_sleep,12,1
26,73,3200,no_sleep,12,1
26,74,3200,no_sleep,12,1
26,75,3200,no_sleep,12,1
26,76,3200,no_sleep,12,1
26,77,3200,no_sleep,12,1
26,78,3200,no_sleep,12,1
26,79,3200,no_sleep,12,1
26,80,3200,no_sleep,12,1
26,81,3200,no_sleep,12,1
26,82,3200,no_sleep,12,1
26,83,3200,no_sleep,12,1
26,84,3200,no_sleep,12,1
26,85,3200,no_sleep,12,1
26,86,3200,no_sleep,12,1
26,87,3200,no_sleep,12,1
26,88,3200,no_sleep,12,1
26,89,3200,no_sleep,12,1
26,90,3200,no_sleep,12,1
26,91,3200,no_sleep,12,1
26,92,3200,no_sleep,12,1
26,93,3200,no_sleep,12,1
26,94,3200,no_sleep,12,1
26,95,3200,no_sleep,12,1
26,96,3200,no_sleep,12,1
26,97,3200,no_sleep,12,1
26,98,3200,no_sleep,12,1
26,99,3200,no_sleep,12,1
27,10,4000,no_sleep,3,1
27,11,4000,no_sleep,3,1
27,12,4000,no_sleep,3,1
27,13,4000,no_sleep,3,1
27,14,4000,no_sleep,3,1
27,15,4000,no_sleep,3,1
27,16,4000,no_sleep,3,1
27,17,3200,no_sleep,12,1
27,18,3200,no_sleep,12,1
27,19,3200,no_sleep,12,1
27,20,3200,no_sleep,12,1
27,21,3200,no_sleep,12,1
27,22,3200,no_sleep,12,1
27,23,3200,no_sleep,12,1
27,24,3200,no_sleep,12,1
27,25,3200,no_sleep,12,1
27,26,3200,no_sleep,12,1
27,27,3200,no_sleep,12,1
27,28,3200,no_sleep,12,1
27,29,3200,no_sleep,12,1
27,30,3200,no_sleep,12,1
27,31,3200,no_sleep,12,1
27,32,3200,no_sleep,12,1
27,33,3200,no_sleep,12,1
27,34,3200,no_sleep,12,1
27,35,3200,no_sleep,12,1
27,36,3200,no_sleep,12,1
27,37,3200,no_sleep,12,1
27,38,3200,no_sleep,12,1
27,39,3200,no_sleep,12,1
27,40,3200,no_sleep,12,1
27,41,3200,no_sleep,12,1
27,42,3200,no_sleep,12,1
27,43,3200,no_sleep,12,1
27,44,3200,no_sleep,12,1
27,45,3200,no_sleep,12,1
27,46,3200,no_sleep,12,1
27,47,3200,no_sleep,12,1
27,48,3200,no_sleep,12,1
27,49,3200,no_sleep,12,1
27,50,3200,no_sleep,12,1
27,51,3200,no_sleep,12,1
27,52,3200,no_sleep,12,1
27,53,3200,no_sleep,12,1
27,54,3200,no_sleep,12,1
27,55,3200,no_sleep,12,1
27,56,3200,no_sleep,12,1
27,57,3200,no_sleep,12,1
27,58,3200,no_sleep,12,1
27,59,3200,no_sleep,12,1
27,60,3200,no_sleep,12,1
27,61,3200,no_sleep,12,1
27,62,3200,no_sleep,12,1
27,63,3200,no_sleep,12,1
27,64,3200,no_sleep,12,1
27,65,3200,no_sleep,12,1
27,66,3200,no_sleep,12,1
27,67,3200,no_sleep,12,1
27,68,3200,no_sleep,12,1
27,69,3200,no_sleep,12,1
27,70,3200,no_sleep,12,1
27,71,3200,no_sleep,12,1
27,72,3200,no_sleep,12,1
27,73,3200,no_sleep,12,1
27,74,3200,no_sleep,12,1
27,75,3200,no_sleep,12,1
27,76,3200,no_sleep,12,1
27,77,3200,no_sleep,12,1
27,78,3200,no_sleep,12,1
27,79,3200,no_sleep,12,1
27,80,3200,no_sleep,12,1
27,81,3200,no_sleep,12,1
27,82,3200,no_sleep,12,1
27,83,3200,no_sleep,12,1
27,84,3200,no_sleep,12,1
27,85,3200,no_sleep,12,1
27,86,3200,no_sleep,12,1
27,87,3200,no_sleep,12,1
27,88,3200,no_sleep,12,1
27,89,3200,no_sleep,12,1
27,90,3200,no_sleep,12,1
27,91,3200,no_sleep,12,1
27,92,3200,no_sleep,12,1
27,93,3200,no_sleep,12,1
27,94,3200,no_sleep,12,1
27,95,3200,no_sleep,12,1
27,96,3200,no_sleep,12,1
27,97,3200,no_sleep,12,1
27,98,3200,no_sleep,12,1
27,99,3200,no_sleep,12,1
28,10,4000,no_sleep,3,1
28,11,4000,no_sleep,3,1
28,12,4000,no_sleep,3,1
28,13,4000,no_sleep,3,1
28,14,4000,no_sleep,3,1
28,15,4000,no_sleep,3,1
28,16,4000,no_sleep,3,1
28,17,3200,no_sleep,12,1
28,18,3200,no_sleep,12,1
28,19,3200,no_sleep,12,1
28,20,3200,no_sleep,12,1
28,21,3200,no_sleep,12,1
28,22,3200,no_sleep,12,1
28,23,3200,no_sleep,12,1
28,24,3200,no_sleep,12,1
28,25,3200,no_sleep,12,1
28,26,3200,no_sleep,12,1
28,27,3200,no_sleep,12,1
28,28,3200,no_sleep,12,1
28,29,3200,no_sleep,12,1
28,30,3200,no_sleep,12,1
28,31,3200,no_sleep,12,1
28,32,3200,no_sleep,12,1
28,33,3200,no_sleep,12,1
28,34,3200,no_sleep,12,1
28,35,3200,no_sleep,12,1
28,36,3200,no_sleep,12,1
28,37,3200,no_sleep,12,1
28,38,3200,no_sleep,12,1
28,39,3200,no_sleep,12,1
28,40,3200,no_sleep,12,1
28,41,3200,no_sleep,12,1
28,42,3200,no_sleep,12,1
28,43,3200,no_sleep,12,1
28,44,3200,no_sleep,12,1
28,45,3200,no_sleep,12,1
28,46,3200,no_sleep,12,1
28,47,3200,no_sleep,12,1
28,48,3200,no_sleep,12,1
28,49,3200,no_sleep,12,1
28,50,3200,no_sleep,12,1
28,51,3200,no_sleep,12,1
28,52,3200,no_sleep,12,1
28,53,3200,no_sleep,12,1
28,54,3200,no_sleep,12,1
28,55,3200,no_sleep,12,1
28,56,3200,no_sleep,12,1
28,57,3200,no_sleep,12,1
28,58,3200,no_sleep,12,1
28,59,3200,no_sleep,12,1
28,60,3200,no_sleep,12,1
28,61,3200,no_sleep,12,1
28,62,3200,no_sleep,12,1
28,63,3200,no_sleep,12,1
28,64,3200,no_sleep,12,1
28,65,3200,no_sleep,12,1
28,66,3200,no_sleep,12,1
28,67,3200,no_sleep,12,1
28,68,3200,no_sleep,12,1
28,69,3200,no_sleep,12,1
28,70,3200,no_sleep,12,1
28,71,3200,no_sleep,12,1
28,72,3200,no_sleep,12,1
28,73,3200,no_sleep,12,1
28,74,3200,no_sleep,12,1
28,75,3200,no_sleep,12,1
28,76,3200,no_sleep,12,1
28,77,3200,no_sleep,12,1
28,78,3200,no_sleep,12,1
28,79,3200,no_sleep,12,1
28,80,3200,no_sleep,12,1
28,81,3200,no_sleep,12,1
28,82,3200,no_sleep,12,1
28,83,3200,no_sleep,12,1
28,84,3200,no_sleep,12,1
28,85,3200,no_sleep,12,1
28,86,3200,no_sleep,12,1
28,87,3200,no_sleep,12,1
28,88,3200,no_sleep,12,1
28,89,3200,no_sleep,12,1
28,90,3200,no_sleep,12,1
28,91,3200,no_sleep,12,1
28,92,3200,no_sleep,12,1
28,93,3200,no_sleep,12,1
28,94,3200,no_sleep,12,1
28,95,3200,no_sleep,12,1
28,96,3200,no_sleep,12,1
28,97,3200,no_sleep,12,1
28,98,3200,no_sleep,12,1
28,99,3200,no_sleep,12,1
29,10,4000,no_sleep,3,1
29,11,4000,no_sleep,3,1
29,12,4000,no_sleep,3,1
29,13,4000,no_sleep,3,1
29,14,4000,no_sleep,3,1
29,15,4000,no_sleep,3,1
29,16,4000,no_sleep,3,1
29,17,3200,no_sleep,12,1
29,18,3200,no_sleep,12,1
29,19,3200,no_sleep,12,1
29,20,3200,no_sleep,12,1
29,21,3200,no_sleep,12,1
29,22,3200,no_sleep,12,1
29,23,3200,no_sleep,12,1
29,24,3200,no_sleep,12,1
29,25,3200,no_sleep,12,1
29,26,3200,no_sleep,12,1
29,27,3200,no_sleep,12,1
29,28,3200,no_sleep,12,1
29,29,3200,no_sleep,12,1
29,30,3200,no_sleep,12,1
29,31,3200,no_sleep,12,1
29,32,3200,no_sleep,12,1
29,33,3200,no_sleep,12,1
29,34,3200,no_sleep,12,1
29,35,3200,no_sleep,12,1
29,36,3200,no_sleep,12,1
29,37,3200,no_sleep,12,1
29,38,3200,no_sleep,12,1
29,39,3200,no_sleep,12,1
29,40,3200,no_sleep,12,1
29,41,3200,no_sleep,12,1
29,42,3200,no_sleep,12,1
29,43,3200,no_sleep,12,1
29,44,3200,no_sleep,12,1
29,45,3200,no_sleep,12,1
29,46,3200,no_sleep,12,1
29,47,3200,no_sleep,12,1
29,48,3200,no_sleep,12,1
29,49,3200,no_sleep,12,1
29,50,3200,no_sleep,12,1
29,51,3200,no_sleep,12,1
29,52,3200,no_sleep,12,1
29,53,3200,no_sleep,12,1
29,54,3200,no_sleep,12,1
29,55,3200,no_sleep,12,1
29,56,3200,no_sleep,12,1
29,57,3200,no_sleep,12,1
29,58,3200,no_sleep,12,1
29,59,3200,no_sleep,12,1
29,60,3200,no_sleep,12,1
29,61,3200,no_sleep,12,1
29,62,3200,no_sleep,12,1
29,63,3200,no_sleep,12,1
29,64,3200,no_sleep,12,1
29,65,3200,no_sleep,12,1
29,66,3200,no_sleep,12,1
29,67,3200,no_sleep,12,1
29,68,3200,no_sleep,12,1
29,69,3200,no_sleep,12,1
29,70,3200,no_sleep,12,1
29,71,3200,no_sleep,12,1
29,72,3200,no_sleep,12,1
29,73,3200,no_sleep,12,1
29,74,3200,no_sleep,12,1
29,75,3200,no_sleep,12,1
29,76,3200,no_sleep,12,1
29,77,3200,no_sleep,12,1
29,78,3200,no_sleep,12,1
29,79,3200,no_sleep,12,1
29,80,3200,no_sleep,12,1
29,81,3200,no_sleep,12,1
29,82,3200,no_sleep,12,1
29,83,3200,no_sleep,12,1
29,84,3200,no_sleep,12,1
29,85,3200,no_sleep,12,1
29,86,3200,no_sleep,12,1
29,87,3200,no_sleep,12,1
29,88,3200,no_sleep,12,1
29,89,3200,no_sleep,12,1
29,90,3200,no_sleep,12,1
29,91,3200,no_sleep,12,1
29,92,3200,no_sleep,12,1
29,93,3200,no_sleep,12,1
29,94,3200,no_sleep,12,1
29,95,3200,no_sleep,12,1
29,96,3200,no_sleep,12,1
29,97,3200,no_sleep,12,1
29,98,3200,no_sleep,12,1
29,99,3200,no_sleep,12,1
